SBD,Toán,Ngữ văn,Ngoại ngữ,Vật lý,Hóa học,Sinh học,KHTN,Lịch sử,Địa lý,GDCD,KHXH
52000001,6.80,4.00,,,,,,5.00,6.00,,
52000002,7.40,7.50,7.20,7.00,8.25,5.75,7.00,,,,
52000003,5.80,5.00,,,,,,5.50,7.50,,
52000004,6.00,7.25,,,,,,4.75,7.50,,
52000005,7.80,7.25,8.60,5.75,5.25,6.50,5.83,,,,
52000006,7.00,7.25,5.40,5.00,7.25,5.75,6.00,,,,
52000007,7.00,6.00,7.80,4.75,5.75,4.25,4.91,,,,
52000008,8.00,6.75,8.00,7.25,7.50,6.75,7.16,,,,
52000009,7.00,7.50,7.80,,,,,7.50,7.00,9.50,8.00
52000010,7.80,6.25,7.80,,,,,6.50,8.00,9.25,7.91
52000011,6.20,7.41,6.00,5.75,4.25,5.75,5.25,,,,
52000012,7.40,8.00,8.80,,,,,5.25,7.00,9.00,7.08
52000013,7.00,6.00,6.20,,,,,6.75,7.25,8.50,7.50
52000014,6.60,7.00,7.40,,,,,6.50,6.25,8.75,7.16
52000015,6.00,6.00,4.00,,,,,4.75,6.50,8.00,6.41
52000016,6.60,7.00,5.80,6.50,6.75,4.75,6.00,,,,
52000017,6.80,7.25,6.00,,,,,5.00,6.75,9.25,7.00
52000018,7.20,7.25,5.60,,,,,2.75,5.75,8.75,5.75
52000019,6.40,4.00,6.80,4.75,4.50,3.75,4.33,,,,
52000020,6.60,6.75,6.40,,,,,4.75,8.00,9.75,7.50
52000021,7.80,5.75,7.20,6.00,7.00,4.75,5.91,,,,
52000022,6.80,5.25,,,,,,5.00,7.25,,
52000023,7.00,,,5.50,3.50,,,,,,
52000024,5.20,5.75,4.80,5.25,7.00,4.00,5.41,,,,
52000025,6.60,4.75,4.20,4.25,4.75,4.25,4.41,,,,
52000026,6.60,6.25,4.00,,,,,5.25,6.50,8.75,6.83
52000027,7.20,6.50,8.00,,,,,5.00,7.00,8.50,6.83
52000028,8.80,7.25,8.00,5.75,,,,,,,
52000029,5.40,7.25,6.20,,,,,4.00,6.00,7.25,5.75
52000030,7.40,8.25,7.60,,,,,7.00,7.00,9.00,7.66
52000031,5.40,7.25,4.80,,,,,3.50,6.75,7.50,5.91
52000032,7.00,7.25,7.20,5.75,5.75,4.25,5.25,,,,
52000033,6.00,6.25,8.20,,,,,5.75,7.75,9.75,7.75
52000034,6.40,5.75,,,,,,5.25,5.25,,
52000035,7.60,8.00,6.80,,,,,6.25,8.50,9.50,8.08
52000036,6.80,7.00,5.00,,,,,6.00,7.50,9.75,7.75
52000037,4.60,4.25,4.20,,,,,4.50,5.25,7.50,5.75
52000038,8.00,7.00,6.00,6.75,6.25,4.50,5.83,,,,
52000039,7.60,8.75,9.40,,,,,6.50,7.50,10.00,8.00
52000040,7.40,7.25,5.80,4.25,6.75,5.00,5.33,,,,
52000041,6.80,6.75,5.60,5.75,5.50,4.50,5.25,,,,
52000042,7.40,7.25,,,,,,6.25,8.50,,
52000043,5.80,5.75,6.20,5.00,7.25,5.00,5.75,,,,
52000044,7.20,6.75,4.00,,,,,6.00,7.00,7.75,6.91
52000045,7.80,7.50,4.00,5.25,5.50,5.50,5.41,,,,
52000046,6.80,8.00,8.80,5.50,5.25,4.25,5.00,,,,
52000047,6.40,7.00,5.80,5.00,5.75,4.00,4.91,,,,
52000048,7.40,8.00,9.40,6.00,7.50,6.75,6.75,,,,
52000049,6.00,7.50,7.60,,,,,5.50,7.00,8.75,7.08
52000050,7.40,7.25,7.80,7.00,7.50,7.00,7.16,,,,
52000051,6.80,7.00,7.40,,,,,5.00,7.25,7.75,6.66
52000052,7.20,7.25,5.80,,,,,6.00,7.75,8.50,7.41
52000053,7.00,8.00,8.00,,,,,4.75,8.75,9.50,7.66
52000054,7.40,7.50,7.20,6.00,7.00,4.50,5.83,,,,
52000055,6.60,7.50,6.80,,,,,3.75,5.25,8.25,5.75
52000057,5.00,6.50,,,,,,3.00,7.50,,
52000058,6.60,6.75,5.80,2.75,5.50,3.25,3.83,,,,
52000059,8.60,7.50,9.00,7.50,8.25,6.50,7.41,,,,
52000060,6.40,4.83,,,,,,1.75,6.00,,
52000061,8.60,7.50,8.60,6.25,6.50,6.25,6.33,,,,
52000062,7.20,6.25,7.40,,,,,6.50,6.00,7.50,6.66
52000063,6.40,7.00,5.40,,,,,2.50,6.75,6.50,5.25
52000064,6.80,8.00,8.60,,,,,5.25,7.75,9.25,7.41
52000065,6.80,5.50,5.40,,,,,4.00,6.00,6.50,5.50
52000066,6.60,5.00,,,,,,3.25,7.00,,
52000067,6.20,5.00,,,,,,5.25,7.00,,
52000068,6.60,5.50,,,,,,3.25,7.00,,
52000069,6.60,6.50,7.20,,,,,6.50,7.25,9.50,7.75
52000070,7.20,7.00,9.00,6.75,6.00,5.25,6.00,,,,
52000071,6.60,7.00,8.40,,,,,6.75,6.50,6.75,6.66
52000072,6.80,7.25,8.20,,,,,6.25,7.75,9.75,7.91
52000073,7.60,7.75,8.80,,,,,7.00,8.00,9.25,8.08
52000074,6.00,7.25,6.80,6.50,8.25,4.25,6.33,,,,
52000075,7.00,5.50,8.80,6.00,4.75,5.50,5.41,,,,
52000076,8.60,6.75,9.60,8.25,7.75,6.25,7.41,,,,
52000077,3.40,6.25,,,,,,4.50,7.00,,
52000078,4.80,7.00,7.00,,,,,5.25,7.25,9.50,7.33
52000079,5.60,5.50,,,,,,5.75,6.75,,
52000080,6.40,7.50,4.40,,,,,4.00,6.25,9.00,6.41
52000081,8.00,6.25,8.00,6.50,7.50,6.00,6.66,,,,
52000082,8.00,6.50,8.00,8.00,7.75,6.25,7.33,,,,
52000083,4.60,8.00,8.20,,,,,6.00,7.00,9.25,7.41
52000084,6.80,8.00,8.60,,,,,4.00,6.75,8.75,6.50
52000085,6.60,8.00,7.80,5.50,5.50,4.50,5.16,,,,
52000086,7.00,7.50,6.20,5.25,4.75,4.50,4.83,,,,
52000087,8.40,6.25,8.60,7.25,7.00,5.75,6.66,,,,
52000088,7.60,7.75,,,,,,8.50,7.75,,
52000089,7.80,8.50,9.60,,,,,4.50,7.00,9.00,6.83
52000090,7.00,7.75,8.60,,,,,5.00,7.50,9.50,7.33
52000091,7.80,7.25,6.20,6.75,5.25,4.50,5.50,,,,
52000092,5.60,6.25,4.20,5.00,5.00,4.50,4.83,,,,
52000093,6.00,7.00,5.60,,,,,8.00,9.25,8.75,8.66
52000094,8.00,5.50,9.60,7.00,6.25,6.25,6.50,,,,
52000095,7.60,8.25,5.60,7.00,7.25,6.50,6.91,,,,
52000096,6.20,6.00,5.60,4.75,5.25,4.75,4.91,,,,
52000097,4.80,4.00,5.00,,,,,3.75,7.00,8.00,6.25
52000098,7.00,7.00,5.40,,,,,5.00,7.75,9.00,7.25
52000099,5.80,5.75,4.40,,,,,6.00,7.00,9.25,7.41
52000100,7.00,6.25,4.60,7.50,6.75,4.50,6.25,,,,
52000101,8.40,5.50,6.60,6.25,5.50,4.50,5.41,,,,
52000102,8.80,,9.20,7.00,,,,,,,
52000103,7.20,6.00,4.00,,,,,3.75,5.75,7.25,5.58
52000104,8.00,5.25,8.40,5.25,6.75,7.25,6.41,,,,
52000105,7.60,6.50,4.40,6.75,7.00,6.50,6.75,,,,
52000106,6.40,6.00,8.40,,,,,,,,
52000107,6.40,7.75,8.80,,,,,6.25,8.25,9.25,7.91
52000108,6.20,7.25,6.40,,,,,5.50,7.00,9.00,7.16
52000109,7.20,8.00,7.40,,,,,7.25,7.25,8.75,7.75
52000110,6.40,8.25,5.80,,,,,4.25,6.50,9.00,6.58
52000111,6.40,7.50,8.40,6.00,7.00,5.00,6.00,,,,
52000112,8.00,6.50,4.40,7.75,7.50,4.50,6.58,,,,
52000113,6.00,5.75,4.40,,,,,5.50,5.75,8.00,6.41
52000114,8.20,6.75,8.40,5.25,5.75,5.25,5.41,,,,
52000115,6.60,7.25,6.80,,,,,6.50,7.75,9.00,7.75
52000116,5.00,6.25,,,,,,2.00,6.25,,
52000117,5.40,6.25,6.60,,,,,3.25,6.50,7.50,5.75
52000118,7.00,5.50,6.40,,,,,4.50,6.25,7.75,6.16
52000119,5.80,7.00,,,,,,2.25,5.75,,
52000120,6.20,6.00,6.20,5.25,6.75,5.00,5.66,,,,
52000121,6.00,5.50,,,,,,4.25,7.00,,
52000122,6.80,7.50,5.40,6.00,7.00,6.00,6.33,,,,
52000123,6.60,5.25,6.00,,,,,5.00,6.75,9.25,7.00
52000124,8.80,7.25,8.60,7.00,7.50,6.75,7.08,,,,
52000125,8.00,6.50,3.60,5.25,4.25,3.25,4.25,,,,
52000126,8.40,6.25,7.20,6.00,7.50,4.25,5.91,,,,
52000127,8.00,6.75,9.20,7.25,7.25,5.00,6.50,,,,
52000128,6.60,6.00,7.80,5.25,7.25,4.00,5.50,,,,
52000129,7.20,6.50,8.80,5.75,4.00,4.25,4.66,,,,
52000130,6.80,6.50,9.00,,,,,3.50,7.00,8.25,6.25
52000131,6.60,5.25,5.20,4.25,3.75,4.25,4.08,,,,
52000132,6.80,7.00,7.40,,,,,8.00,8.00,9.00,8.33
52000133,8.00,7.00,6.80,,,,,6.50,7.25,9.25,7.66
52000134,6.20,5.25,,,,,,4.50,6.25,,
52000135,5.40,7.00,,,,,,5.50,6.00,,
52000136,6.40,7.00,6.60,,,,,4.50,5.50,7.50,5.83
52000137,7.60,8.00,8.20,,,,,3.50,6.25,7.50,5.75
52000138,6.80,8.00,7.60,,,,,5.00,8.00,9.25,7.41
52000139,6.20,7.50,8.00,5.00,4.75,5.75,5.16,,,,
52000140,5.60,7.01,2.80,,,,,3.25,7.25,7.00,5.83
52000141,7.20,7.75,3.40,,,,,5.50,7.00,8.75,7.08
52000142,7.00,6.75,7.20,7.50,7.00,6.75,7.08,,,,
52000143,8.80,6.25,6.80,6.25,6.00,5.75,6.00,,,,
52000144,5.80,7.25,6.20,,,,,3.75,6.00,5.25,5.00
52000145,8.80,8.25,9.80,,,,,8.75,8.75,9.50,9.00
52000146,7.60,7.00,9.20,8.00,6.50,6.25,6.91,,,,
52000147,6.60,7.75,5.20,6.25,4.75,5.00,5.33,,,,
52000148,3.60,4.00,2.60,,,,,2.25,6.25,5.50,4.66
52000149,7.60,6.50,7.80,6.75,8.00,5.00,6.58,,,,
52000150,6.60,5.75,8.00,6.25,6.50,5.75,6.16,,,,
52000151,6.20,5.25,5.00,,,,,4.50,6.00,7.00,5.83
52000152,7.20,5.00,9.80,5.75,6.25,6.00,6.00,,,,
52000153,7.20,7.75,7.80,,,,,,,,
52000154,5.40,4.25,,,,,,5.25,8.00,,
52000155,5.60,7.00,,,,,,3.50,6.50,,
52000157,6.00,6.00,2.80,,,,,7.50,7.75,8.50,7.91
52000158,7.20,7.50,8.20,,,,,6.75,7.25,8.75,7.58
52000159,7.00,6.75,8.20,,,,,6.25,8.00,9.00,7.75
52000160,6.80,6.50,,,,,,6.75,7.75,,
52000161,6.60,6.75,5.60,,,,,7.25,7.75,7.50,7.50
52000162,8.00,8.00,9.00,,,,,8.00,8.25,9.75,8.66
52000163,8.40,6.50,6.60,8.25,8.25,5.00,7.16,,,,
52000164,8.00,7.50,7.20,7.50,8.25,5.75,7.16,,,,
52000165,8.40,7.75,8.00,5.00,4.75,4.00,4.58,,,,
52000166,5.40,6.50,4.80,3.75,5.75,4.75,4.75,,,,
52000167,7.80,5.75,7.00,7.75,8.75,4.25,6.91,,,,
52000168,8.40,6.25,9.40,8.75,5.50,6.25,6.83,,,,
52000169,4.80,7.25,5.00,,,,,4.50,6.75,8.25,6.50
52000170,6.00,7.75,3.40,,,,,6.00,8.25,8.75,7.66
52000171,7.60,6.25,8.60,,,,,7.25,8.25,9.75,8.41
52000172,5.60,5.50,,,,,,2.50,6.75,7.75,5.66
52000173,6.80,6.00,7.40,5.00,5.75,4.00,4.91,,,,
52000174,6.80,7.75,5.80,,,,,5.75,7.00,8.50,7.08
52000175,6.60,7.75,4.40,,,,,7.00,7.75,9.50,8.08
52000176,7.40,8.25,9.00,,,,,7.75,7.25,9.50,8.16
52000177,5.20,8.25,4.80,,,,,4.50,6.50,8.25,6.41
52000178,7.40,8.50,7.80,,,,,6.75,8.75,10.00,8.50
52000179,8.40,,,7.25,8.00,,,,,,
52000180,6.80,7.50,5.60,6.00,3.50,5.75,5.08,,,,
52000181,4.40,7.50,,,,,,5.50,6.50,,
52000182,6.00,7.75,7.40,,,,,4.50,6.25,8.75,6.50
52000183,8.00,8.25,9.40,,,,,6.75,8.75,9.25,8.25
52000184,6.20,8.00,9.00,,,,,,,,
52000185,7.40,8.00,7.60,6.50,5.00,6.75,6.08,,,,
52000186,7.00,7.50,7.80,,,,,4.00,5.25,8.00,5.75
52000187,7.60,8.25,8.40,6.50,8.25,6.00,6.91,,,,
52000188,7.20,8.00,6.20,5.50,2.75,5.00,4.41,,,,
52000189,6.60,4.50,,,,,,7.00,8.00,,
52000190,5.40,5.50,2.80,,,,,4.25,6.50,7.50,6.08
52000191,6.60,5.50,,,,,,2.75,8.00,,
52000192,7.80,7.25,9.40,,,,,7.50,7.75,10.00,8.41
52000193,7.20,7.25,8.00,,,,,4.25,8.00,8.75,7.00
52000194,7.40,7.50,9.00,7.25,8.50,8.00,7.91,,,,
52000195,7.00,5.00,,,,,,6.00,8.00,,
52000196,9.20,7.00,8.80,6.75,6.50,4.50,5.91,,,,
52000197,6.40,7.50,7.80,,,,,5.50,7.00,8.75,7.08
52000198,4.80,,,4.25,3.50,,,,,,
52000199,7.60,6.75,,,,,,5.00,7.75,,
52000200,7.20,6.50,6.20,6.75,5.75,5.25,5.91,,,,
52000201,7.60,7.75,8.60,,,,,3.75,6.50,9.50,6.58
52000202,6.80,6.50,6.40,,,,,6.50,5.75,9.50,7.25
52000203,7.60,6.66,7.40,5.25,6.75,5.50,5.83,,,,
52000204,6.40,7.00,6.60,6.25,5.00,4.75,5.33,,,,
52000205,7.60,7.50,8.80,4.75,7.75,8.00,6.83,,,,
52000206,8.20,6.50,8.80,9.00,4.50,4.50,6.00,,,,
52000207,5.40,6.75,7.80,,,,,7.25,7.75,8.75,7.91
52000208,7.40,6.50,6.80,,,,,4.25,6.75,9.25,6.75
52000209,6.80,8.00,,,,,,6.50,7.25,,
52000210,8.80,8.75,8.40,7.00,8.25,7.25,7.50,,,,
52000211,6.80,7.00,9.80,,,,,7.50,8.50,9.75,8.58
52000212,6.20,7.25,6.20,5.00,7.50,5.00,5.83,,,,
52000213,6.40,7.75,7.20,,,,,5.25,7.00,9.25,7.16
52000214,7.40,7.75,7.20,6.25,4.75,6.00,5.66,,,,
52000215,7.40,7.00,6.20,5.00,5.50,6.75,5.75,,,,
52000216,6.80,7.75,,,,,,7.00,8.25,,
52000217,6.40,8.00,6.40,,,,,3.50,7.00,8.00,6.16
52000218,8.20,7.75,5.60,,,,,5.75,6.25,9.00,7.00
52000219,6.40,8.00,6.80,,,,,4.50,7.50,8.50,6.83
52000220,7.00,8.00,7.80,,,,,6.00,7.75,9.75,7.83
52000221,7.20,7.50,5.40,,,,,6.00,6.75,9.25,7.33
52000222,5.20,8.00,6.60,,,,,5.50,7.75,7.50,6.91
52000223,8.60,8.00,8.00,8.50,7.75,6.75,7.66,,,,
52000224,5.20,8.00,7.20,,,,,5.25,7.25,7.25,6.58
52000225,7.00,5.50,3.60,7.00,5.75,7.25,6.66,,,,
52000226,6.20,6.50,3.40,,,,,4.75,5.75,6.50,5.66
52000227,7.00,6.50,4.20,5.75,5.25,4.75,5.25,,,,
52000228,5.80,6.00,8.40,,,,,5.25,7.00,7.75,6.66
52000229,7.20,6.50,,,,,,5.25,7.25,,
52000230,6.80,7.00,6.00,7.25,5.75,4.00,5.66,,,,
52000231,8.60,6.25,7.80,5.25,4.25,3.25,4.25,,,,
52000232,7.20,6.75,5.00,5.50,5.25,4.75,5.16,,,,
52000233,6.60,6.75,8.20,4.25,4.00,4.50,4.25,,,,
52000234,8.20,6.25,6.60,7.75,8.00,6.75,7.50,,,,
52000235,6.80,6.25,,,,,,6.75,8.75,,
52000236,7.40,7.95,7.60,,,,,8.00,9.00,9.75,8.91
52000237,8.40,6.00,9.60,7.75,7.50,7.00,7.41,,,,
52000238,7.40,7.50,6.40,6.75,6.50,4.00,5.75,,,,
52000239,5.40,6.75,,,,,,2.75,6.75,,
52000240,7.80,8.75,9.20,7.50,8.00,6.75,7.41,,,,
52000241,7.60,7.50,7.20,,,,,5.75,6.75,9.50,7.33
52000242,7.20,7.00,7.00,5.75,4.00,5.25,5.00,,,,
52000243,7.60,6.00,7.40,6.75,7.75,4.75,6.41,,,,
52000244,7.40,8.00,7.60,6.25,7.00,5.50,6.25,,,,
52000245,7.00,7.00,8.60,6.25,7.25,5.75,6.41,,,,
52000246,7.60,6.25,8.00,6.25,4.75,4.50,5.16,,,,
52000247,8.40,5.50,9.20,7.75,4.25,4.75,5.58,,,,
52000248,7.40,6.75,8.80,6.50,7.25,6.25,6.66,,,,
52000249,7.60,7.25,5.00,,,,,4.75,5.75,9.75,6.75
52000250,5.20,6.25,8.20,,,,,5.25,5.25,6.25,5.58
52000251,7.00,4.50,7.80,,,,,7.25,7.75,8.75,7.91
52000252,6.00,6.75,6.00,5.25,6.25,5.25,5.58,,,,
52000253,6.60,6.75,7.80,6.00,6.25,4.00,5.41,,,,
52000254,8.20,7.75,7.40,7.00,8.50,6.25,7.25,,,,
52000255,5.20,7.25,4.20,,,,,4.25,6.50,7.00,5.91
52000256,6.60,5.25,6.40,5.50,5.75,4.00,5.08,,,,
52000257,6.60,5.00,,4.75,4.00,2.75,3.83,,,,
52000258,8.60,6.75,8.80,7.00,7.25,5.50,6.58,,,,
52000259,7.20,5.75,,,,,,4.50,7.25,,
52000260,6.00,7.25,6.80,,,,,4.25,6.00,9.00,6.41
52000261,7.00,8.50,6.60,,,,,6.25,7.50,9.50,7.75
52000262,7.80,7.75,6.60,5.00,3.50,5.25,4.58,,,,
52000263,9.00,7.00,8.60,7.00,8.25,6.25,7.16,,,,
52000264,5.00,4.50,,,,,,3.75,5.25,,
52000265,6.80,7.25,8.20,4.75,6.50,4.50,5.25,,,,
52000266,6.40,7.58,8.80,,,,,7.75,7.50,10.00,8.41
52000267,7.40,6.25,5.80,5.75,6.25,6.00,6.00,,,,
52000268,7.20,5.50,5.20,6.50,5.25,6.00,5.91,,,,
52000269,7.00,6.50,7.00,,,,,6.00,6.50,8.50,7.00
52000270,9.00,6.50,7.80,7.50,7.50,6.00,7.00,,,,
52000271,5.80,3.75,,,,,,3.75,5.50,,
52000272,7.00,6.25,,,,,,5.75,8.50,,
52000273,8.20,7.50,7.20,,,,,7.50,7.75,9.75,8.33
52000274,4.60,6.00,2.80,,,,,3.50,5.25,6.75,5.16
52000275,7.80,6.75,4.00,,,,,5.50,7.75,9.00,7.41
52000276,7.20,7.00,6.80,5.75,7.75,5.00,6.16,,,,
52000277,7.80,6.41,9.00,8.00,8.00,6.00,7.33,,,,
52000278,7.80,7.25,8.60,5.25,6.50,6.00,5.91,,,,
52000279,7.00,8.00,,,,,,7.50,7.75,,
52000280,7.60,6.41,8.40,5.00,7.25,5.75,6.00,,,,
52000281,6.80,6.75,5.80,5.00,6.00,6.00,5.66,,,,
52000282,7.80,8.00,8.40,6.50,6.50,4.50,5.83,,,,
52000283,6.60,7.75,,,,,,6.25,8.00,,
52000284,7.20,6.33,5.60,6.00,5.50,5.75,5.75,,,,
52000285,7.40,8.00,6.40,,,,,6.00,7.50,8.00,7.16
52000286,6.60,7.00,8.00,5.25,6.00,3.00,4.75,,,,
52000287,7.60,7.75,7.00,6.75,7.75,5.50,6.66,,,,
52000288,8.00,7.25,8.20,7.50,7.50,6.75,7.25,,,,
52000289,7.60,7.00,8.20,7.00,6.75,4.25,6.00,,,,
52000290,6.40,4.50,,,,,,3.75,6.25,,
52000291,8.00,7.75,4.40,6.50,6.75,4.75,6.00,,,,
52000292,7.60,5.25,9.00,7.25,7.75,5.25,6.75,,,,
52000293,4.40,6.00,,,,,,4.25,6.50,,
52000294,7.80,5.50,6.60,7.25,6.75,5.00,6.33,,,,
52000295,8.00,8.25,8.80,7.75,7.25,7.75,7.58,,,,
52000296,4.80,7.50,,,,,,4.50,6.50,,
52000297,6.40,7.75,,,,,,6.50,6.75,,
52000298,5.80,6.50,,,,,,5.50,6.75,,
52000299,5.60,7.50,5.40,5.25,4.50,4.00,4.58,,,,
52000300,7.40,7.50,,,,,,5.50,8.75,,
52000301,8.00,7.75,8.40,5.50,6.00,6.00,5.83,,,,
52000302,7.40,6.25,6.40,5.25,4.00,5.00,4.75,,,,
52000303,6.40,6.75,,,,,,5.75,6.50,,
52000304,8.00,6.50,7.40,6.25,4.50,5.75,5.50,,,,
52000305,8.20,7.50,9.20,6.25,9.25,9.00,8.16,,,,
52000306,7.00,5.75,7.40,5.75,7.75,6.00,6.50,,,,
52000307,7.20,7.25,9.00,5.75,5.25,5.50,5.50,,,,
52000308,8.80,7.75,7.40,,,,,5.50,8.00,9.00,7.50
52000309,7.00,6.50,9.20,4.75,7.75,5.25,5.91,,,,
52000310,8.20,7.25,9.20,5.25,6.75,5.75,5.91,,,,
52000311,8.20,7.50,6.60,7.00,7.00,7.25,7.08,,,,
52000312,5.80,6.50,7.40,5.50,6.50,5.00,5.66,,,,
52000313,7.00,6.25,8.20,6.00,5.25,4.75,5.33,,,,
52000314,6.60,6.00,7.40,,,,,5.75,6.25,9.00,7.00
52000315,8.00,6.25,9.00,6.00,8.50,7.25,7.25,,,,
52000316,8.60,6.75,7.40,6.25,7.75,7.75,7.25,,,,
52000317,7.80,6.50,7.20,4.50,6.50,3.75,4.91,,,,
52000318,8.60,6.75,8.20,8.00,7.25,6.00,7.08,,,,
52000319,4.80,6.25,,,,,,4.00,6.50,,
52000320,7.40,7.75,9.40,5.75,7.00,5.25,6.00,,,,
52000321,8.20,7.00,8.20,6.25,7.50,6.50,6.75,,,,
52000322,8.00,,,7.25,7.25,,,,,,
52000323,7.40,6.50,5.20,6.00,6.75,4.00,5.58,,,,
52000324,6.20,6.25,,,,,,3.25,6.75,,
52000325,6.80,7.25,6.20,6.00,7.50,6.00,6.50,,,,
52000326,5.00,6.50,7.80,,,,,4.75,6.75,9.00,6.83
52000327,7.20,6.75,6.20,6.00,7.00,6.00,6.33,,,,
52000328,6.00,7.50,,,,,,3.50,6.75,,
52000329,7.40,7.50,6.60,,,,,5.50,8.25,9.75,7.83
52000330,7.60,7.50,5.40,7.00,8.00,6.25,7.08,,,,
52000331,5.00,5.50,3.40,,,,,3.25,5.00,8.75,5.66
52000332,5.80,5.75,3.80,,,,,5.75,7.50,8.25,7.16
52000333,6.80,7.00,5.60,,,,,4.00,5.50,8.50,6.00
52000334,7.00,6.50,4.60,,,,,5.00,7.75,8.00,6.91
52000335,5.40,6.00,,,,,,3.00,5.50,,
52000336,6.80,8.00,9.20,,,,,6.50,8.00,10.00,8.16
52000337,7.40,6.00,8.20,5.00,8.25,5.00,6.08,,,,
52000338,4.40,7.75,,,,,,3.75,6.75,,
52000339,7.60,7.50,7.60,,,,,3.00,7.00,8.75,6.25
52000340,6.40,8.00,6.60,,,,,7.50,7.25,9.75,8.16
52000341,8.00,7.25,4.80,8.75,7.50,5.50,7.25,,,,
52000342,7.80,7.75,9.60,6.25,7.25,6.00,6.50,,,,
52000343,6.60,7.75,8.00,,,,,5.50,7.50,8.75,7.25
52000344,6.80,6.75,7.60,7.75,8.50,5.75,7.33,,,,
52000345,6.20,4.75,4.00,,,,,2.25,6.00,7.25,5.16
52000346,6.60,5.50,7.20,,,,,3.75,5.75,7.50,5.66
52000347,5.80,5.25,,,,,,3.75,6.75,,
52000348,7.20,6.75,8.80,,,,,6.00,8.25,9.75,8.00
52000349,7.40,8.25,9.00,,,,,5.50,6.50,9.25,7.08
52000350,6.60,5.75,7.00,6.25,8.75,5.75,6.91,,,,
52000351,5.80,8.00,7.80,,,,,4.75,8.75,9.75,7.75
52000352,7.60,7.25,6.60,,,,,5.50,7.50,8.50,7.16
52000353,7.60,5.50,8.20,6.50,6.50,6.50,6.50,,,,
52000354,4.00,7.75,6.80,4.75,4.50,4.50,4.58,,,,
52000355,6.80,7.75,8.80,,,,,3.50,4.50,8.50,5.50
52000356,7.60,7.00,7.80,5.50,5.50,6.00,5.66,,,,
52000357,8.00,6.50,4.40,4.50,5.00,4.75,4.75,,,,
52000358,7.40,8.00,8.00,,,,,3.50,7.00,8.75,6.41
52000359,5.60,8.75,4.80,,,,,6.50,7.50,9.25,7.75
52000360,7.00,7.50,9.40,,,,,6.75,7.50,8.75,7.66
52000361,6.00,7.75,,,,,,5.25,7.75,8.50,7.16
52000362,6.80,7.50,7.20,5.75,7.75,5.75,6.41,,,,
52000363,6.00,7.25,,,,,,4.25,6.00,,
52000364,7.80,7.25,5.60,5.50,7.50,5.75,6.25,,,,
52000365,6.80,6.75,7.40,,,,,6.75,7.50,8.00,7.41
52000366,6.80,7.75,4.00,,,,,6.00,7.50,8.00,7.16
52000367,7.40,4.75,5.20,6.25,7.00,6.25,6.50,,,,
52000368,7.80,8.25,7.60,,,,,5.00,6.25,7.75,6.33
52000369,6.00,2.25,,,,,,2.75,5.75,,
52000370,7.40,6.50,,,,,,6.00,7.00,,
52000371,4.60,6.00,4.80,,,,,4.25,5.75,9.00,6.33
52000372,4.00,1.75,,,,,,3.50,5.25,,
52000373,7.80,8.50,,7.00,8.25,6.75,7.33,,,,
52000374,4.20,6.00,,,,,,6.00,5.75,,
52000375,7.80,7.50,7.20,5.25,7.75,4.50,5.83,,,,
52000376,8.20,7.00,,,,,,6.00,7.25,,
52000377,5.80,6.00,5.00,,,,,3.00,6.75,7.00,5.58
52000378,7.60,7.00,6.60,7.50,7.75,6.50,7.25,,,,
52000379,6.40,6.75,7.00,,,,,7.50,8.25,8.50,8.08
52000380,8.00,7.25,7.00,,,,,6.75,9.25,10.00,8.66
52000381,6.00,7.50,7.40,,,,,7.75,8.00,9.75,8.50
52000382,3.60,6.75,,,,,,5.00,5.25,,
52000383,5.20,6.75,7.60,,,,,4.50,6.00,6.75,5.75
52000384,7.60,6.75,5.00,5.00,7.00,5.25,5.75,,,,
52000385,6.60,7.25,6.60,,,,,4.75,6.75,7.50,6.33
52000386,6.00,7.00,6.80,,,,,3.00,6.25,7.75,5.66
52000387,5.80,8.00,5.60,,,,,5.00,7.75,9.00,7.25
52000388,7.60,7.50,8.80,6.75,5.75,3.50,5.33,,,,
52000389,8.40,6.75,9.20,8.25,7.25,7.25,7.58,,,,
52000390,7.60,8.50,7.40,7.50,8.75,7.00,7.75,,,,
52000391,6.80,4.25,,,,,,4.50,6.00,,
52000392,7.40,7.75,5.00,5.00,5.25,5.00,5.08,,,,
52000393,7.60,6.25,9.40,,,,,5.50,6.50,9.00,7.00
52000394,4.00,4.00,,,,,,2.00,6.00,,
52000395,7.40,7.00,,,,,,4.75,7.00,,
52000396,7.00,7.25,8.80,,,,,4.50,6.75,7.75,6.33
52000397,5.80,7.00,,,,,,8.25,8.00,,
52000398,7.60,6.50,5.20,5.50,4.75,5.25,5.16,,,,
52000399,7.60,7.25,9.40,,,,,6.25,7.75,9.50,7.83
52000400,7.00,6.00,5.20,5.00,7.50,6.25,6.25,,,,
52000401,6.60,7.00,9.40,,,,,5.00,7.75,9.75,7.50
52000402,7.40,6.25,6.00,5.50,6.00,4.75,5.41,,,,
52000403,7.40,6.25,5.40,5.50,6.50,4.75,5.58,,,,
52000404,6.00,5.75,7.60,4.50,3.00,5.25,4.25,,,,
52000405,5.20,6.00,4.00,,,,,4.25,5.75,7.00,5.66
52000406,6.80,7.00,,,,,,4.25,6.50,,
52000407,5.80,6.75,7.20,,,,,5.00,6.75,9.25,7.00
52000408,4.00,5.50,,,,,,2.25,5.75,,
52000409,7.40,7.50,8.60,,,,,6.75,7.50,9.50,7.91
52000410,5.20,6.50,5.00,,,,,4.00,6.50,9.00,6.50
52000411,6.20,4.50,3.80,,,,,4.25,7.25,9.50,7.00
52000412,7.60,7.00,8.00,6.25,6.00,5.25,5.83,,,,
52000413,2.60,3.25,,,,,,3.50,3.75,,
52000414,5.60,5.83,,,,,,3.75,6.75,,
52000415,6.60,7.75,6.20,6.25,7.25,5.50,6.33,,,,
52000416,6.80,7.50,6.80,,,,,6.50,7.25,8.25,7.33
52000417,7.20,7.50,7.20,,,,,6.25,7.25,8.75,7.41
52000418,8.40,8.50,9.00,6.50,7.75,8.00,7.41,,,,
52000419,4.60,7.50,,,,,,5.75,7.50,,
52000420,6.40,8.00,4.60,5.00,6.50,5.50,5.66,,,,
52000421,6.40,7.50,4.20,,,,,2.75,5.00,8.75,5.50
52000422,6.40,7.50,,,,,,4.50,7.50,,
52000423,9.00,6.00,9.00,7.75,8.00,7.50,7.75,,,,
52000424,8.20,6.75,9.00,4.50,4.50,5.25,4.75,,,,
52000425,6.40,7.75,,,,,,7.00,8.50,,
52000426,7.00,6.25,5.60,5.50,7.50,3.00,5.33,,,,
52000427,8.60,7.00,8.60,8.00,6.50,6.00,6.83,,,,
52000428,5.00,5.91,3.60,,,,,3.00,6.25,7.00,5.41
52000429,5.20,4.75,5.20,,,,,3.25,6.00,8.00,5.75
52000430,7.20,7.25,8.80,,,,,8.75,9.00,9.00,8.91
52000431,6.40,8.50,6.40,,,,,6.00,7.00,9.25,7.41
52000432,5.60,7.50,3.40,,,,,2.75,5.25,7.50,5.16
52000433,7.60,7.75,4.40,,,,,2.75,7.50,9.00,6.41
52000434,6.20,5.00,,,,,,2.50,5.50,,
52000435,7.80,8.00,8.40,,,,,6.00,7.25,8.75,7.33
52000436,7.40,8.75,7.40,6.50,8.25,5.25,6.66,,,,
52000437,8.20,8.75,9.20,,,,,7.75,7.25,9.00,8.00
52000438,7.60,7.00,8.00,6.50,,,,,,,
52000439,6.20,6.50,7.00,,,,,4.00,6.50,7.50,6.00
52000440,7.20,7.50,7.00,,,,,4.25,7.75,9.75,7.25
52000441,8.00,7.75,7.80,,,,,4.50,6.50,9.50,6.83
52000442,5.80,6.50,8.60,,,,,5.00,5.50,8.50,6.33
52000443,5.00,6.75,,,,,,2.25,6.75,,
52000444,8.00,8.00,9.80,,,,,6.00,8.25,9.00,7.75
52000445,7.20,6.50,5.40,6.00,5.50,6.25,5.91,,,,
52000446,6.80,6.75,9.40,6.50,5.75,6.25,6.16,,,,
52000447,7.80,7.00,5.20,,,,,4.00,6.50,8.00,6.16
52000448,5.80,5.75,8.00,4.75,2.75,4.50,4.00,,,,
52000449,7.00,7.75,5.80,6.00,6.75,3.00,5.25,,,,
52000450,7.40,7.00,4.00,7.75,8.00,5.50,7.08,,,,
52000451,7.00,6.50,4.40,5.00,7.00,6.50,6.16,,,,
52000452,8.60,7.50,5.20,5.75,8.25,5.50,6.50,,,,
52000453,7.60,7.75,6.60,,,,,4.25,7.50,8.25,6.66
52000454,7.20,8.00,7.40,,,,,4.25,7.00,9.50,6.91
52000455,4.40,4.00,,,,,,3.75,6.75,,
52000456,6.40,6.75,9.20,4.75,8.00,5.75,6.16,,,,
52000457,7.80,7.50,8.40,6.25,6.75,5.25,6.08,,,,
52000458,8.00,7.00,6.80,7.00,8.00,4.75,6.58,,,,
52000459,7.80,7.50,8.00,,,,,5.50,7.50,9.50,7.50
52000460,6.60,7.50,8.20,,,,,5.25,7.75,9.25,7.41
52000461,6.00,7.00,4.40,,,,,2.75,5.50,6.50,4.91
52000462,6.60,6.75,5.00,4.50,5.25,3.50,4.41,,,,
52000463,7.00,7.50,6.80,,,,,5.00,7.00,8.50,6.83
52000464,7.20,8.00,5.60,,,,,7.50,8.00,9.25,8.25
52000465,6.40,8.00,8.00,,,,,5.25,6.25,6.25,5.91
52000466,6.80,6.25,,,,,,6.75,7.50,,
52000467,7.80,7.25,8.20,,,,,5.50,8.00,9.50,7.66
52000468,7.00,6.50,,,,,,5.25,8.75,,
52000469,7.60,6.00,5.60,4.50,5.75,4.25,4.83,,,,
52000470,7.00,6.50,5.80,,,,,3.25,7.50,8.25,6.33
52000471,6.00,7.00,9.00,,,,,6.25,7.00,9.25,7.50
52000472,7.20,6.00,,,,,,5.50,6.75,,
52000473,5.60,6.50,9.00,,,,,4.25,7.50,9.25,7.00
52000474,8.00,6.50,8.80,6.50,7.50,5.25,6.41,,,,
52000475,5.20,6.75,9.20,,,,,4.25,4.50,7.50,5.41
52000476,7.00,6.75,5.60,,,,,5.75,7.00,9.25,7.33
52000477,5.80,7.75,6.80,,,,,5.25,8.00,9.50,7.58
52000478,6.60,7.50,8.80,,,,,6.50,7.00,8.50,7.33
52000479,9.00,7.00,8.60,5.75,4.00,7.50,5.75,,,,
52000480,6.60,7.25,8.40,,,,,7.25,5.75,9.25,7.41
52000481,6.60,6.75,,,,,,5.25,7.25,,
52000482,6.80,7.25,4.60,,,,,5.25,7.25,8.75,7.08
52000483,4.80,4.00,,,,,,3.75,6.25,,
52000484,7.00,7.75,5.40,,,,,4.00,6.00,8.00,6.00
52000485,5.60,7.75,,,,,,5.00,5.75,,
52000486,7.20,5.00,8.20,,,,,6.50,8.00,8.75,7.75
52000487,6.60,6.00,8.80,,,,,6.00,6.00,8.00,6.66
52000488,8.20,7.41,8.40,,,,,4.50,6.75,9.00,6.75
52000489,5.40,6.75,4.60,3.00,3.75,5.00,3.91,,,,
52000490,6.60,6.25,8.00,,,,,6.00,7.00,8.50,7.16
52000491,7.60,8.25,7.20,7.75,8.25,5.50,7.16,,,,
52000492,7.40,7.75,6.80,,,,,5.50,8.50,9.75,7.91
52000493,5.80,7.25,5.40,,,,,5.00,7.50,8.25,6.91
52000494,4.60,4.75,,,,,,3.50,6.75,,
52000495,8.60,8.25,8.80,7.75,8.50,6.75,7.66,,,,
52000496,5.40,7.50,3.40,,,,,5.25,7.25,9.25,7.25
52000497,7.00,8.00,5.20,6.00,6.00,4.75,5.58,,,,
52000498,6.20,6.50,,,,,,6.25,7.00,,
52000499,7.60,7.50,9.00,,,,,4.50,6.25,9.00,6.58
52000500,7.80,6.25,6.60,5.50,7.00,5.00,5.83,,,,
52000501,7.00,6.75,8.00,,,,,5.00,6.50,9.50,7.00
52000502,7.40,7.75,7.40,,,,,5.00,7.25,9.50,7.25
52000503,7.80,7.75,7.00,,,,,4.75,7.50,9.00,7.08
52000504,7.00,8.00,,,,,,3.25,8.00,,
52000505,7.80,6.00,6.40,7.00,8.00,3.75,6.25,,,,
52000506,8.20,8.00,6.20,,,,,4.25,8.00,7.25,6.50
52000507,7.00,6.50,8.00,,,,,7.00,7.50,9.50,8.00
52000508,8.00,6.25,7.20,6.00,7.25,4.50,5.91,,,,
52000509,7.40,7.00,8.00,,,,,8.50,8.25,9.00,8.58
52000510,6.80,8.00,7.00,,,,,5.25,7.00,9.00,7.08
52000511,6.20,6.75,,,,,,6.00,6.00,,
52000512,7.20,7.00,6.60,7.00,7.50,6.50,7.00,,,,
52000513,6.40,6.50,3.60,,,,,6.75,7.00,9.50,7.75
52000514,7.40,6.50,7.40,,,,,6.75,7.00,9.00,7.58
52000515,7.00,5.75,4.80,6.25,6.50,6.75,6.50,,,,
52000516,5.60,5.50,8.40,5.50,5.50,4.00,5.00,,,,
52000517,6.40,5.50,7.60,,,,,6.25,7.25,8.25,7.25
52000518,4.60,6.00,4.40,,,,,3.25,5.50,6.50,5.08
52000519,7.80,,,7.25,8.25,4.75,6.75,,,,
52000520,7.60,6.50,7.40,7.50,6.50,5.25,6.41,,,,
52000521,7.00,4.75,7.20,5.25,8.00,7.25,6.83,,,,
52000522,6.80,6.50,,,,,,6.25,6.00,,
52000523,7.40,7.25,7.00,,,,,6.50,7.75,9.00,7.75
52000524,7.00,6.75,4.00,,,,,4.00,6.50,7.00,5.83
52000525,5.40,6.25,,,,,,2.75,6.00,,
52000526,7.60,7.50,5.20,,,,,7.00,8.75,9.25,8.33
52000527,8.20,7.00,7.60,8.25,7.50,5.50,7.08,,,,
52000528,6.20,7.25,5.80,,,,,3.00,6.00,8.25,5.75
52000529,6.20,6.50,3.80,,,,,5.25,6.75,9.25,7.08
52000530,7.80,6.75,6.00,6.00,5.75,4.00,5.25,,,,
52000531,6.80,6.25,8.00,6.00,5.50,7.00,6.16,,,,
52000532,6.40,8.00,4.40,5.50,6.00,4.75,5.41,,,,
52000533,8.20,7.25,7.00,6.25,7.50,5.25,6.33,,,,
52000534,5.80,7.50,6.40,6.00,6.50,5.50,6.00,,,,
52000535,7.40,6.75,5.60,5.25,7.00,4.75,5.66,,,,
52000536,5.20,3.75,,,,,,6.75,6.00,,
52000537,6.40,6.25,5.80,6.25,7.25,4.50,6.00,,,,
52000538,6.60,6.50,6.60,,,,,6.50,6.50,7.50,6.83
52000539,6.80,5.75,8.00,,,,,5.00,7.00,7.75,6.58
52000540,8.20,7.00,5.60,5.00,6.25,5.25,5.50,,,,
52000541,6.40,6.25,4.20,,,,,6.00,6.75,7.25,6.66
52000542,5.60,7.50,5.40,6.25,5.25,5.75,5.75,,,,
52000543,7.20,6.75,7.60,,,,,3.25,5.25,8.25,5.58
52000544,7.00,6.50,6.00,,,,,6.00,6.25,9.50,7.25
52000545,6.60,7.50,4.40,,,,,6.00,6.50,9.50,7.33
52000546,8.40,9.00,8.00,6.75,7.00,6.75,6.83,,,,
52000547,5.80,7.75,9.20,,,,,5.75,6.75,9.50,7.33
52000548,8.00,7.50,4.80,6.00,6.75,5.00,5.91,,,,
52000549,8.00,6.25,6.40,7.00,8.00,4.25,6.41,,,,
52000550,6.20,7.00,3.60,,,,,5.25,6.00,8.75,6.66
52000551,5.80,6.50,,,,,,4.00,8.00,,
52000552,7.80,5.50,5.60,6.25,7.75,5.50,6.50,,,,
52000553,7.60,6.25,4.20,6.50,7.50,4.00,6.00,,,,
52000554,3.40,4.50,,,,,,2.75,5.50,,
52000555,8.60,6.00,2.60,5.50,6.50,3.50,5.16,,,,
52000556,4.80,5.25,,,,,,3.50,5.50,,
52000557,7.60,6.75,7.40,7.25,5.25,5.00,5.83,,,,
52000558,7.00,5.75,3.80,4.25,4.75,3.25,4.08,,,,
52000559,7.60,8.25,8.40,,,,,7.25,6.75,10.00,8.00
52000560,7.40,7.00,8.20,7.00,7.25,4.00,6.08,,,,
52000561,6.20,7.50,6.80,,,,,5.75,6.00,8.25,6.66
52000562,9.20,6.25,7.60,8.25,8.00,7.75,8.00,,,,
52000563,8.20,7.00,9.00,5.00,6.00,6.50,5.83,,,,
52000564,6.60,7.00,5.80,5.25,5.25,4.25,4.91,,,,
52000565,7.20,6.50,7.80,,,,,4.75,6.50,8.75,6.66
52000566,8.20,8.50,9.40,6.75,5.75,6.50,6.33,,,,
52000567,6.80,7.25,8.80,,,,,5.50,8.50,10.00,8.00
52000568,6.60,6.75,4.60,,,,,3.25,7.25,9.50,6.66
52000569,4.80,6.25,,,,,,4.50,6.25,,
52000570,8.20,6.50,7.80,3.00,6.25,5.75,5.00,,,,
52000571,6.20,6.25,7.00,,,,,6.50,6.75,9.25,7.50
52000572,6.40,7.00,4.40,6.00,8.00,5.00,6.33,,,,
52000573,6.20,5.25,,,,,,3.75,6.25,,
52000574,7.40,7.00,4.20,5.75,6.75,3.75,5.41,,,,
52000576,3.20,5.50,,,,,,2.75,6.25,,
52000577,6.80,5.75,6.40,4.75,4.75,4.25,4.58,,,,
52000578,7.60,6.50,8.60,,,,,7.50,8.50,9.25,8.41
52000579,7.20,5.75,7.00,5.50,6.25,5.00,5.58,,,,
52000580,7.20,7.75,7.00,6.75,6.75,6.25,6.58,,,,
52000581,7.00,6.50,4.80,,,,,4.75,6.75,8.75,6.75
52000582,7.20,6.25,7.20,6.75,6.75,5.25,6.25,,,,
52000583,7.80,6.75,7.60,7.25,7.00,5.25,6.50,,,,
52000584,7.00,6.00,8.80,4.75,3.75,4.50,4.33,,,,
52000585,8.80,5.41,6.60,5.00,8.00,8.50,7.16,,,,
52000586,7.00,6.25,,,,,,5.25,6.50,,
52000587,6.60,7.50,,,,,,6.75,7.50,,
52000588,6.20,5.50,5.60,,,,,2.50,6.25,6.75,5.16
52000589,5.80,6.75,4.60,,,,,5.50,6.00,7.00,6.16
52000590,5.40,6.00,,,,,,4.25,6.00,,
52000591,7.20,,7.00,6.25,,,,,,,
52000592,7.40,5.75,5.40,6.25,5.50,5.75,5.83,,,,
52000593,6.80,7.50,5.40,,,,,5.50,6.50,8.75,6.91
52000594,6.40,5.00,,,,,,4.50,6.50,,
52000595,5.60,5.50,,,,,,4.00,7.00,,
52000596,7.20,7.00,4.80,5.25,7.50,5.25,6.00,,,,
52000597,8.00,6.50,5.80,5.75,7.00,4.50,5.75,,,,
52000598,5.60,6.50,,,,,,4.50,8.25,,
52000599,8.00,6.75,5.80,6.25,7.75,5.50,6.50,,,,
52000600,6.00,5.75,6.20,,,,,5.75,7.25,8.25,7.08
52000601,5.60,5.00,,,,,,4.25,6.25,,
52000602,5.80,6.75,3.60,5.00,6.50,3.75,5.08,,,,
52000603,6.60,6.00,6.60,5.50,4.50,5.75,5.25,,,,
52000604,6.80,7.50,8.20,,,,,5.50,8.25,9.00,7.58
52000605,5.00,6.75,,,,,,3.75,5.25,,
52000606,8.00,7.00,9.20,6.50,6.25,5.75,6.16,,,,
52000607,8.00,7.00,9.00,7.25,8.25,7.00,7.50,,,,
52000608,6.20,6.75,6.00,,,,,4.75,6.00,8.25,6.33
52000609,8.00,7.50,7.80,8.25,8.00,6.50,7.58,,,,
52000610,5.80,6.00,7.40,5.75,7.00,5.50,6.08,,,,
52000611,7.40,7.50,8.40,,,,,5.50,7.50,8.75,7.25
52000612,7.40,5.50,8.40,6.25,7.75,4.50,6.16,,,,
52000613,7.40,5.75,8.60,5.50,5.75,5.75,5.66,,,,
52000614,7.40,7.75,8.40,7.25,7.00,5.25,6.50,,,,
52000615,8.20,5.75,8.40,7.00,7.50,7.25,7.25,,,,
52000616,6.80,6.25,4.60,,,,,6.50,7.50,8.75,7.58
52000617,6.40,7.25,7.00,,,,,3.75,7.00,6.75,5.83
52000618,7.40,7.00,5.20,,,,,5.00,7.75,9.75,7.50
52000619,7.60,8.25,8.80,,,,,6.50,8.25,10.00,8.25
52000620,7.20,7.25,6.80,5.25,6.25,3.50,5.00,,,,
52000621,6.60,7.50,5.40,,,,,5.25,6.50,9.00,6.91
52000622,6.60,7.00,8.00,,,,,3.75,8.00,9.50,7.08
52000623,7.80,8.50,6.80,,,,,4.50,6.75,9.00,6.75
52000624,8.40,8.00,8.40,,,,,7.50,8.00,9.75,8.41
52000625,7.80,8.00,6.40,6.50,6.00,4.00,5.50,,,,
52000626,7.00,7.00,5.80,5.00,7.00,4.75,5.58,,,,
52000627,7.00,6.75,6.20,,,,,4.25,7.00,8.75,6.66
52000628,6.20,6.41,7.60,,,,,4.75,6.00,7.75,6.16
52000629,7.80,6.75,9.00,6.50,6.25,6.00,6.25,,,,
52000630,7.00,6.50,4.80,5.00,4.50,4.25,4.58,,,,
52000631,6.40,6.25,5.40,5.50,5.00,3.75,4.75,,,,
52000632,7.20,7.50,7.60,,,,,5.50,7.50,9.00,7.33
52000633,7.80,6.00,5.00,6.25,7.25,4.75,6.08,,,,
52000634,5.20,6.50,4.80,5.00,5.75,4.75,5.16,,,,
52000635,8.20,6.75,7.00,6.50,7.00,6.00,6.50,,,,
52000636,7.60,7.75,8.00,6.00,6.25,5.50,5.91,,,,
52000637,7.40,6.25,7.60,,,,,4.75,7.25,9.75,7.25
52000638,5.00,6.00,7.40,,,,,6.75,6.25,9.00,7.33
52000639,8.00,6.75,7.20,6.00,6.50,6.00,6.16,,,,
52000640,7.20,6.75,9.80,6.25,5.00,5.00,5.41,,,,
52000641,5.40,6.50,,,,,,4.50,6.00,,
52000642,7.60,5.00,,,,,,5.00,7.75,,
52000643,7.40,4.25,6.00,5.75,6.25,6.25,6.08,,,,
52000644,6.80,7.00,7.20,,,,,6.25,7.50,8.25,7.33
52000645,6.20,6.75,8.00,6.25,5.25,5.50,5.66,,,,
52000646,8.00,6.10,7.60,6.25,7.75,6.75,6.91,,,,
52000647,8.20,7.00,9.00,5.50,5.00,4.25,4.91,,,,
52000648,6.00,7.75,2.60,4.00,4.50,6.00,4.83,,,,
52000649,7.60,8.00,6.60,4.75,8.25,4.25,5.75,,,,
52000650,7.00,6.50,7.40,7.00,6.50,4.50,6.00,,,,
52000651,7.80,4.83,9.60,6.25,5.00,5.25,5.50,,,,
52000652,6.00,4.75,,,,,,6.00,6.75,,
52000653,7.60,7.50,6.20,6.00,6.25,7.25,6.50,,,,
52000654,7.60,6.75,5.20,,,,,5.00,6.25,7.75,6.33
52000655,5.80,7.25,4.40,,,,,4.25,5.25,7.25,5.58
52000656,6.20,5.50,,,,,,5.75,7.00,,
52000657,5.40,4.00,3.20,,,,,3.50,6.25,6.75,5.50
52000658,7.60,7.25,7.20,6.00,6.25,5.50,5.91,,,,
52000659,6.00,6.25,,,,,,5.25,6.50,,
52000660,8.00,7.50,7.00,,,,,5.75,8.00,8.25,7.33
52000661,8.00,7.50,6.80,,,,,6.50,8.75,9.50,8.25
52000662,8.40,7.50,8.60,,,,,7.25,8.00,10.00,8.41
52000663,4.60,6.41,6.20,,,,,4.00,5.00,8.75,5.91
52000665,6.20,4.75,4.40,,,,,3.75,7.25,7.75,6.25
52000666,6.80,,,6.50,7.25,,,,,,
52000667,5.00,6.00,5.80,,,,,3.25,6.00,7.75,5.66
52000668,7.00,6.00,5.80,,,,,5.75,6.50,9.25,7.16
52000669,8.80,7.50,8.60,,,,,2.75,6.75,8.00,5.83
52000670,7.80,7.00,6.00,5.75,6.50,4.50,5.58,,,,
52000671,7.20,6.50,6.20,4.50,7.00,3.50,5.00,,,,
52000672,7.40,6.00,6.80,6.75,6.50,5.50,6.25,,,,
52000673,8.20,8.00,8.40,8.00,7.25,7.00,7.41,,,,
52000674,7.00,6.50,5.20,,,,,5.00,7.25,8.25,6.83
52000675,6.40,6.50,,,,,,3.50,7.00,,
52000676,5.60,6.00,,,,,,2.00,6.50,,
52000677,7.60,7.25,8.40,7.25,5.75,5.75,6.25,,,,
52000678,7.80,7.75,5.60,,,,,5.00,7.00,9.25,7.08
52000679,7.20,7.25,4.40,,,,,5.25,5.50,8.25,6.33
52000680,7.60,7.50,6.00,7.00,6.50,5.25,6.25,,,,
52000681,6.80,6.50,7.60,,,,,4.75,7.25,8.50,6.83
52000682,6.80,7.50,8.20,4.75,5.00,8.00,5.91,,,,
52000683,7.40,7.50,9.60,,,,,,,,
52000685,6.40,7.00,5.20,,,,,3.75,6.00,8.50,6.08
52000686,7.40,6.50,8.60,,,,,6.00,7.00,8.00,7.00
52000687,8.20,5.50,8.20,,,,,6.50,7.00,9.25,7.58
52000688,5.20,5.00,4.60,,,,,4.50,7.75,8.50,6.91
52000689,8.00,5.75,9.40,4.50,6.00,5.25,5.25,,,,
52000690,8.60,6.50,6.40,6.50,7.50,6.50,6.83,,,,
52000691,4.60,5.25,,,,,,5.00,7.00,,
52000692,7.40,6.50,6.20,6.25,5.00,5.00,5.41,,,,
52000693,8.00,7.00,4.00,4.50,7.75,4.75,5.66,,,,
52000694,7.60,7.50,7.80,6.75,5.50,4.50,5.58,,,,
52000695,7.00,5.50,7.80,,,,,4.00,6.00,8.50,6.16
52000696,6.60,6.75,7.60,5.75,7.00,5.00,5.91,,,,
52000697,5.40,5.00,,,,,,3.25,6.25,,
52000698,5.40,5.50,,,,,,2.75,6.25,,
52000699,6.00,7.75,4.60,,,,,5.00,6.75,8.00,6.58
52000700,7.20,6.75,7.20,7.25,4.25,4.50,5.33,,,,
52000701,8.00,7.75,6.00,5.25,7.25,6.50,6.33,,,,
52000702,5.00,7.25,,,,,,2.50,6.25,,
52000703,7.20,8.00,8.20,,,,,5.75,7.00,9.50,7.41
52000704,7.40,8.75,9.00,,,,,6.00,9.00,9.75,8.25
52000705,7.00,7.50,5.60,,,,,6.75,6.25,9.75,7.58
52000706,4.80,7.00,3.00,,,,,4.75,5.75,7.25,5.91
52000707,7.40,6.00,4.60,6.00,6.25,5.75,6.00,,,,
52000708,7.00,6.00,,,,,,4.50,7.25,,
52000709,5.80,5.75,5.80,5.50,4.75,4.00,4.75,,,,
52000710,7.40,7.75,4.60,,,,,3.75,5.75,7.25,5.58
52000711,6.00,6.75,9.60,,,,,6.50,7.00,8.50,7.33
52000713,7.60,7.25,7.60,6.75,7.50,5.25,6.50,,,,
52000714,5.40,6.50,5.20,5.25,5.00,4.00,4.75,,,,
52000715,6.40,6.75,,,,,,6.00,7.25,,
52000716,5.60,6.75,3.20,,,,,4.50,6.50,8.00,6.33
52000717,5.80,7.25,,,,,,3.25,6.75,,
52000718,6.20,8.25,9.20,,,,,4.00,9.00,9.00,7.33
52000719,7.80,6.25,5.60,,,,,2.75,3.75,6.25,4.25
52000720,7.60,8.25,6.80,6.75,6.50,6.25,6.50,,,,
52000721,5.20,8.00,7.20,,,,,3.50,6.50,9.25,6.41
52000722,8.00,7.50,5.80,,,,,7.50,7.75,9.75,8.33
52000723,8.20,7.00,8.20,6.75,5.25,4.00,5.33,,,,
52000724,7.00,6.00,,,,,,6.50,8.00,,
52000725,8.80,7.00,5.60,6.75,6.00,4.25,5.66,,,,
52000726,7.80,7.75,8.80,,,,,7.50,7.75,9.75,8.33
52000727,7.80,,,,6.25,6.75,,,,,
52000728,8.20,6.25,9.40,,,,,6.25,6.75,9.75,7.58
52000729,6.00,6.50,6.80,4.25,6.00,3.75,4.66,,,,
52000730,6.60,6.25,8.00,,,,,7.50,6.75,9.50,7.91
52000731,7.80,6.50,8.40,9.00,8.00,5.75,7.58,,,,
52000732,6.20,7.00,,,,,,5.00,6.75,,
52000734,8.00,7.50,5.00,5.50,6.75,4.75,5.66,,,,
52000735,7.20,6.25,4.20,,,,,5.75,7.75,9.00,7.50
52000736,6.40,6.50,8.40,,,,,6.50,6.75,8.25,7.16
52000737,6.80,6.75,7.00,5.50,6.25,5.50,5.75,,,,
52000738,6.00,5.75,6.00,,,,,5.00,7.50,7.75,6.75
52000739,6.20,6.25,4.00,,,,,3.00,7.50,7.75,6.08
52000740,7.60,7.50,8.80,,,,,5.25,8.25,9.00,7.50
52000741,8.20,6.50,8.80,7.00,8.00,6.00,7.00,,,,
52000742,7.20,7.00,6.60,6.50,6.00,4.00,5.50,,,,
52000743,7.20,6.25,7.00,5.25,5.75,4.75,5.25,,,,
52000744,7.80,8.50,8.60,5.25,4.00,5.00,4.75,,,,
52000745,7.00,6.50,8.60,5.00,7.00,5.00,5.66,,,,
52000746,4.20,2.75,,,,,,3.50,5.75,,
52000747,8.00,8.50,8.40,,,,,7.25,8.75,9.50,8.50
52000748,7.40,7.75,7.00,6.25,7.00,4.75,6.00,,,,
52000749,6.60,8.50,9.80,,,,,9.00,8.50,8.50,8.66
52000750,7.20,6.25,9.40,,,,,7.25,8.00,9.50,8.25
52000751,7.60,6.00,7.00,5.25,7.50,5.50,6.08,,,,
52000752,6.60,7.25,5.20,4.75,6.00,6.00,5.58,,,,
52000753,8.40,6.75,8.20,5.50,7.25,5.75,6.16,,,,
52000754,5.80,8.25,6.60,4.00,6.75,4.75,5.16,,,,
52000755,6.00,6.50,5.80,,,,,4.50,6.75,8.25,6.50
52000756,8.40,6.75,,,,,,6.75,7.25,,
52000757,6.40,6.25,5.60,6.00,4.50,4.25,4.91,,,,
52000758,8.00,5.75,9.40,5.75,6.00,6.00,5.91,,,,
52000759,4.40,6.00,5.40,,,,,4.00,6.50,8.75,6.41
52000760,7.20,6.00,4.40,6.75,7.25,5.75,6.58,,,,
52000761,7.40,7.75,5.60,6.00,7.25,5.25,6.16,,,,
52000762,7.20,5.25,7.00,6.50,6.25,5.50,6.08,,,,
52000763,7.40,6.75,,,,,,4.00,8.25,,
52000764,7.00,8.00,7.60,5.00,5.00,4.75,4.91,,,,
52000765,6.60,6.50,,,,,,4.25,7.75,,
52000766,7.60,7.00,6.00,,,,,3.25,6.00,9.25,6.16
52000767,4.40,2.75,,,,,,2.25,6.00,,
52000768,7.60,6.00,7.40,6.25,6.00,5.25,5.83,,,,
52000769,6.00,5.50,,,,,,3.75,6.75,,
52000770,4.60,8.00,,,,,,4.75,6.75,,
52000771,5.00,5.50,,,,,,6.50,7.00,,
52000772,7.60,7.50,7.80,6.75,7.50,4.75,6.33,,,,
52000773,7.40,7.75,8.00,6.00,4.75,5.25,5.33,,,,
52000774,6.40,6.75,3.60,,,,,4.00,6.00,9.50,6.50
52000775,6.60,6.25,4.80,,,,,3.00,7.00,9.00,6.33
52000776,6.20,8.00,8.20,,,,,4.50,7.25,9.25,7.00
52000777,6.80,6.50,4.00,,,,,4.00,6.25,9.00,6.41
52000778,7.60,8.00,5.40,7.25,8.00,5.25,6.83,,,,
52000779,8.20,8.75,9.40,,,,,7.25,7.75,10.00,8.33
52000780,7.60,7.50,6.80,,,,,6.25,7.50,9.25,7.66
52000781,7.00,7.00,6.80,5.50,6.75,5.00,5.75,,,,
52000782,6.80,7.00,6.20,,,,,4.75,5.75,7.25,5.91
52000783,8.40,7.00,4.60,7.25,7.75,5.50,6.83,,,,
52000784,7.00,5.75,5.20,6.50,6.50,5.00,6.00,,,,
52000785,7.00,4.50,,,,,,2.50,6.00,,
52000786,6.80,6.00,9.80,6.25,6.75,5.50,6.16,,,,
52000787,5.60,7.50,4.40,,,,,5.00,6.00,7.50,6.16
52000788,4.20,6.75,3.20,,,,,4.50,7.50,8.75,6.91
52000789,7.40,7.25,7.40,4.75,6.25,3.75,4.91,,,,
52000790,5.60,7.00,5.80,4.75,5.50,5.75,5.33,,,,
52000791,7.00,8.50,6.00,,,,,7.50,8.00,9.00,8.16
52000792,8.00,7.25,8.80,,,,,6.75,7.00,9.75,7.83
52000793,8.20,6.50,8.00,6.50,7.50,6.25,6.75,,,,
52000794,6.60,8.00,5.60,,,,,7.25,7.75,9.25,8.08
52000795,7.40,5.75,9.60,,,,,5.25,7.00,9.00,7.08
52000796,5.20,7.75,4.60,,,,,7.25,7.25,8.00,7.50
52000797,6.20,7.75,8.00,,,,,5.75,7.25,9.00,7.33
52000798,7.00,8.00,7.60,,,,,5.00,6.50,8.75,6.75
52000799,7.60,7.00,6.20,6.00,8.25,6.00,6.75,,,,
52000800,8.20,7.75,6.80,6.00,7.25,4.25,5.83,,,,
52000801,6.60,7.25,6.60,,,,,5.00,7.00,8.00,6.66
52000802,4.20,7.50,6.20,,,,,3.50,6.25,7.50,5.75
52000803,5.80,6.25,,,,,,2.50,7.75,,
52000804,4.00,5.50,,,,,,2.75,6.50,,
52000805,6.40,3.00,,,,,,2.75,7.50,,
52000806,7.60,6.50,9.00,7.25,7.00,4.00,6.08,,,,
52000807,6.40,6.50,5.20,5.75,5.50,5.50,5.58,,,,
52000808,7.00,7.50,6.20,,,,,5.75,7.00,9.25,7.33
52000809,7.40,6.50,7.20,6.00,6.50,4.75,5.75,,,,
52000810,8.00,7.00,9.20,7.00,5.00,5.00,5.66,,,,
52000811,7.20,7.25,,,,,,3.75,8.00,,
52000812,5.80,7.50,4.40,,,,,3.00,6.25,7.75,5.66
52000813,6.80,7.75,6.40,5.25,7.25,4.75,5.75,,,,
52000814,7.00,7.50,7.00,4.50,6.25,4.50,5.08,,,,
52000815,7.20,8.25,7.20,,,,,4.75,7.00,9.25,7.00
52000816,8.00,8.00,5.80,,,,,5.00,5.75,8.75,6.50
52000817,7.60,7.75,9.00,6.50,8.25,8.25,7.66,,,,
52000818,7.20,7.50,4.20,,,,,4.00,5.75,7.75,5.83
52000819,5.60,4.00,,,,,,3.25,4.75,,
52000820,7.80,7.00,8.20,6.25,6.00,4.25,5.50,,,,
52000821,8.20,8.50,7.80,,,,,7.75,8.75,10.00,8.83
52000822,8.20,7.50,,8.00,6.25,7.50,7.25,,,,
52000823,7.80,7.50,9.20,8.00,5.75,4.75,6.16,,,,
52000824,7.80,6.00,8.80,6.50,7.75,4.75,6.33,,,,
52000825,7.00,8.50,8.60,,,,,6.25,7.25,9.00,7.50
52000826,7.60,7.50,7.40,6.50,8.25,6.00,6.91,,,,
52000827,7.60,8.75,8.40,,,,,5.00,5.25,7.25,5.83
52000828,6.20,6.50,2.60,,,,,3.25,6.00,9.00,6.08
52000829,8.00,8.00,8.40,,,,,3.00,6.50,9.25,6.25
52000830,8.60,6.50,9.40,7.00,4.75,6.25,6.00,,,,
52000831,8.40,6.75,9.00,8.25,6.50,7.00,7.25,,,,
52000832,8.20,7.00,9.80,6.50,8.00,4.50,6.33,,,,
52000833,8.40,8.00,8.80,8.00,6.25,4.25,6.16,,,,
52000834,7.60,8.25,8.40,8.25,8.50,7.00,7.91,,,,
52000835,7.80,8.50,9.80,7.00,8.25,6.75,7.33,,,,
52000836,8.00,8.50,8.80,,,,,6.50,8.25,9.25,8.00
52000837,9.20,7.75,10.00,7.25,6.75,6.00,6.66,,,,
52000838,7.80,7.75,8.80,6.00,7.25,5.25,6.16,,,,
52000839,6.80,8.00,9.20,6.00,5.25,4.50,5.25,,,,
52000840,8.00,8.00,6.00,4.50,8.25,6.00,6.25,,,,
52000841,7.20,8.25,7.40,5.25,6.75,5.50,5.83,,,,
52000842,7.20,7.75,9.40,,,,,4.50,7.50,9.75,7.25
52000843,8.20,7.75,7.20,,,,,7.75,6.50,9.25,7.83
52000844,9.20,7.25,8.40,9.00,9.00,7.00,8.33,,,,
52000845,8.20,6.50,9.60,7.50,7.75,6.50,7.25,,,,
52000846,9.00,8.00,8.40,8.00,8.00,7.75,7.91,,,,
52000847,7.80,7.25,8.80,7.50,7.00,6.25,6.91,,,,
52000848,7.80,8.25,8.60,,,,,5.00,6.75,9.75,7.16
52000849,8.20,6.25,8.80,8.00,6.25,4.25,6.16,,,,
52000850,8.20,6.50,9.20,7.25,7.25,6.00,6.83,,,,
52000851,9.20,8.50,10.00,,,,,8.00,8.75,10.00,8.91
52000852,8.60,7.75,9.40,7.50,8.75,8.00,8.08,,,,
52000853,8.00,7.75,7.80,,,,,7.75,8.50,9.00,8.41
52000854,8.00,8.25,8.80,,,,,5.25,6.50,9.50,7.08
52000855,7.00,6.50,8.00,5.75,7.75,7.00,6.83,,,,
52000856,7.60,7.50,8.60,,,,,7.75,7.50,8.25,7.83
52000857,8.00,7.50,9.00,8.50,7.00,6.75,7.41,,,,
52000858,8.20,6.75,,8.50,8.00,7.00,7.83,,,,
52000859,7.80,6.75,9.00,7.50,6.25,4.50,6.08,,,,
52000860,7.40,8.50,8.80,,,,,7.75,7.25,9.00,8.00
52000861,6.60,7.75,7.20,5.25,6.75,6.50,6.16,,,,
52000862,6.40,8.50,9.20,,,,,6.25,6.75,9.50,7.50
52000863,8.60,8.00,9.40,7.00,7.50,7.00,7.16,,,,
52000864,7.40,8.50,8.20,,,,,4.75,7.00,8.75,6.83
52000865,9.00,7.50,9.00,8.25,9.00,7.50,8.25,,,,
52000866,8.00,8.25,9.40,,,,,6.00,7.00,9.25,7.41
52000867,6.60,6.50,6.40,,,,,4.50,6.25,8.75,6.50
52000868,8.00,7.75,9.00,6.25,8.50,3.75,6.16,,,,
52000869,7.80,7.50,9.20,4.75,8.25,5.50,6.16,,,,
52000870,6.40,8.25,8.80,,,,,5.50,6.25,8.25,6.66
52000871,7.80,7.75,8.80,7.75,6.75,6.25,6.91,,,,
52000872,7.00,7.25,8.80,6.25,6.00,4.50,5.58,,,,
52000873,8.20,7.75,9.80,7.25,8.00,7.50,7.58,,,,
52000874,7.80,8.75,9.00,6.25,6.75,5.25,6.08,,,,
52000875,7.20,7.25,8.60,6.75,7.75,5.50,6.66,,,,
52000876,8.80,7.50,9.60,8.25,5.50,7.25,7.00,,,,
52000877,7.80,7.25,,7.50,8.25,5.75,7.16,,,,
52000878,8.20,5.50,9.20,6.75,7.75,6.25,6.91,,,,
52000879,9.20,8.75,9.80,8.75,7.50,6.75,7.66,,,,
52000880,7.80,8.25,8.00,,,,,5.50,6.25,9.50,7.08
52000881,7.40,7.50,9.60,,,,,6.25,7.00,8.75,7.33
52000882,7.60,7.75,8.80,8.00,7.00,6.00,7.00,,,,
52000883,9.00,8.50,8.80,7.25,7.75,9.25,8.08,,,,
52000884,8.40,7.75,9.80,6.00,7.25,5.75,6.33,,,,
52000885,7.60,7.00,9.40,7.75,5.75,5.75,6.41,,,,
52000886,8.20,7.25,9.20,5.00,8.25,5.75,6.33,,,,
52000887,8.40,7.75,10.00,7.25,7.25,7.50,7.33,,,,
52000888,8.00,7.75,9.00,6.75,7.75,6.50,7.00,,,,
52000889,8.20,7.00,,6.50,5.75,4.75,5.66,,,,
52000890,8.60,7.00,10.00,8.75,7.50,7.00,7.75,,,,
52000891,8.40,8.00,9.60,7.50,9.00,6.00,7.50,,,,
52000892,7.80,7.50,7.20,6.50,8.75,4.75,6.66,,,,
52000893,8.60,7.75,7.40,7.50,7.00,6.00,6.83,,,,
52000894,5.80,7.25,7.80,,,,,6.25,7.25,8.50,7.33
52000895,8.80,6.75,9.40,8.00,7.25,5.25,6.83,,,,
52000896,8.00,6.75,8.20,6.50,7.50,7.00,7.00,,,,
52000897,8.20,7.75,9.40,7.50,9.00,8.00,8.16,,,,
52000898,7.20,7.00,9.20,,,,,5.50,8.75,9.50,7.91
52000899,8.00,6.50,7.40,8.00,6.25,4.50,6.25,,,,
52000900,6.60,7.75,9.80,4.75,4.50,5.50,4.91,,,,
52000901,7.80,6.25,8.00,7.50,7.50,6.25,7.08,,,,
52000902,8.40,7.50,9.20,6.75,5.25,5.50,5.83,,,,
52000903,8.80,6.75,9.60,8.00,7.75,7.50,7.75,,,,
52000904,8.00,7.00,9.40,6.50,8.25,8.00,7.58,,,,
52000905,8.40,8.00,9.00,8.50,6.75,6.75,7.33,,,,
52000906,7.80,7.00,8.40,4.00,7.25,7.25,6.16,,,,
52000907,8.60,4.75,8.20,5.25,6.75,5.25,5.75,,,,
52000908,8.00,7.75,9.40,5.75,5.75,5.00,5.50,,,,
52000909,7.80,7.25,9.40,7.75,5.75,5.25,6.25,,,,
52000910,8.20,9.00,9.20,,,,,5.25,7.50,8.75,7.16
52000911,8.40,8.00,9.20,8.25,7.00,6.75,7.33,,,,
52000912,7.60,8.25,9.20,,,,,6.25,7.50,9.25,7.66
52000913,7.20,6.75,9.60,,,,,8.25,8.00,9.50,8.58
52000914,5.80,7.50,7.20,,,,,8.25,7.75,8.50,8.16
52000915,9.00,7.75,9.40,8.00,7.00,5.50,6.83,,,,
52000916,5.00,4.75,5.00,,,,,3.75,6.50,8.00,6.08
52000917,8.40,7.00,9.20,7.75,8.50,5.75,7.33,,,,
52000918,7.80,6.50,8.20,5.75,5.25,6.25,5.75,,,,
52000919,8.20,8.25,9.80,,,,,7.50,8.75,9.75,8.66
52000920,7.60,7.75,9.00,,,,,6.00,7.00,9.50,7.50
52000921,7.80,8.50,8.00,4.50,7.75,5.00,5.75,,,,
52000922,7.80,7.75,6.60,,,,,6.25,8.25,9.25,7.91
52000923,8.20,7.50,9.20,8.25,7.50,6.25,7.33,,,,
52000924,9.00,8.25,9.60,,,,,8.75,9.00,9.75,9.16
52000925,8.20,7.75,9.20,7.25,7.00,5.00,6.41,,,,
52000926,8.20,8.50,9.00,7.50,8.25,6.50,7.41,,,,
52000927,8.40,7.75,9.40,,,,,7.75,7.75,9.50,8.33
52000928,8.20,8.00,9.40,7.75,7.75,6.75,7.41,,,,
52000929,8.40,5.75,7.20,6.00,6.50,4.50,5.66,,,,
52000930,8.20,7.75,,8.25,7.25,7.00,7.50,,,,
52000931,7.60,7.25,9.40,8.50,5.50,4.50,6.16,,,,
52000932,8.20,7.00,9.40,7.00,6.25,5.75,6.33,,,,
52000933,9.00,8.25,9.80,,,,,7.50,8.00,9.25,8.25
52000934,7.80,8.00,9.00,,,,,6.50,7.25,8.50,7.41
52000935,7.80,8.25,9.20,,,,,6.00,7.25,9.75,7.66
52000936,6.80,8.00,8.40,,,,,5.50,7.00,8.50,7.00
52000937,8.20,8.00,6.40,7.50,8.00,7.50,7.66,,,,
52000938,8.20,7.50,9.40,,,,,7.50,6.00,8.75,7.41
52000939,7.40,7.50,8.80,7.25,7.50,5.00,6.58,,,,
52000940,8.40,7.75,9.60,,,,,8.00,8.00,9.50,8.50
52000941,7.20,5.75,9.60,7.25,5.75,5.75,6.25,,,,
52000942,9.20,7.75,9.00,6.75,8.25,4.25,6.41,,,,
52000943,8.60,8.25,8.80,5.25,6.75,5.50,5.83,,,,
52000944,8.20,8.25,9.00,,,,,6.00,7.25,8.50,7.25
52000945,5.80,8.50,9.20,4.50,5.25,6.50,5.41,,,,
52000946,7.60,6.50,9.40,6.25,3.75,5.25,5.08,,,,
52000947,6.00,5.25,7.20,,,,,3.00,5.25,8.75,5.66
52000948,8.60,6.00,8.80,7.00,4.75,4.00,5.25,,,,
52000949,7.80,6.00,9.00,6.00,4.50,3.25,4.58,,,,
52000950,9.20,6.50,9.60,8.00,6.50,4.50,6.33,,,,
52000951,8.00,7.25,8.60,7.00,5.00,3.50,5.16,,,,
52000952,3.80,6.25,3.40,,,,,4.25,7.75,7.75,6.58
52000953,8.40,9.00,9.00,,,,,8.25,9.50,9.75,9.16
52000954,7.80,8.00,8.80,8.50,7.00,6.75,7.41,,,,
52000955,8.20,7.50,9.00,,,,,5.25,8.50,9.25,7.66
52000956,8.40,5.75,9.40,6.75,8.00,5.75,6.83,,,,
52000957,5.80,5.50,5.80,,,,,7.25,6.25,9.50,7.66
52000958,8.00,7.75,9.00,7.00,8.25,7.00,7.41,,,,
52000959,8.00,7.75,9.60,6.00,5.50,2.75,4.75,,,,
52000960,9.00,6.75,9.40,9.25,7.25,8.00,8.16,,,,
52000961,8.40,8.25,8.60,4.75,6.50,6.75,6.00,,,,
52000962,8.40,8.75,9.40,,,,,5.75,7.00,8.75,7.16
52000963,7.80,8.75,9.60,,,,,4.75,8.25,9.75,7.58
52000964,8.00,7.75,8.80,5.00,5.00,6.00,5.33,,,,
52000965,8.60,8.75,9.80,,,,,7.25,7.75,9.50,8.16
52000966,8.20,7.75,8.80,6.00,7.25,6.25,6.50,,,,
52000967,7.60,7.50,9.20,6.75,5.50,7.00,6.41,,,,
52000968,8.40,9.25,9.20,,,,,9.00,9.25,9.25,9.16
52000969,8.60,7.50,8.60,8.25,8.00,5.50,7.25,,,,
52000970,8.20,9.00,8.80,8.00,5.50,6.25,6.58,,,,
52000971,7.60,6.25,9.80,6.25,6.50,6.75,6.50,,,,
52000972,5.20,5.25,5.40,,,,,3.50,7.00,8.25,6.25
52000973,8.20,7.25,9.40,7.75,7.00,5.75,6.83,,,,
52000974,8.20,6.25,7.80,6.50,5.00,5.25,5.58,,,,
52000975,7.80,7.75,8.00,6.50,5.75,8.00,6.75,,,,
52000976,8.00,7.50,9.00,8.00,6.50,5.75,6.75,,,,
52000977,8.60,7.75,9.00,7.50,7.00,6.50,7.00,,,,
52000978,7.60,6.75,8.00,7.00,7.25,5.25,6.50,,,,
52000979,7.40,8.50,8.80,,,,,3.75,7.50,8.75,6.66
52000980,7.40,8.25,9.20,,,,,7.50,8.50,9.50,8.50
52000981,6.40,7.50,8.80,,,,,6.50,7.25,9.75,7.83
52000982,8.40,7.25,8.40,7.25,7.50,6.25,7.00,,,,
52000983,7.80,6.25,7.80,8.00,8.00,4.75,6.91,,,,
52000984,8.00,7.00,9.00,7.50,7.75,5.75,7.00,,,,
52000985,8.60,8.25,9.20,7.75,7.25,6.50,7.16,,,,
52000986,8.80,8.00,9.40,7.50,7.00,5.50,6.66,,,,
52000987,8.20,6.50,9.00,8.25,2.50,6.25,5.66,,,,
52000988,6.60,7.50,9.60,,,,,7.25,7.25,9.75,8.08
52000989,7.60,8.00,9.80,7.75,7.50,6.50,7.25,,,,
52000990,4.60,5.25,3.20,,,,,3.75,5.25,6.00,5.00
52000991,8.00,7.50,,7.75,7.75,9.00,8.16,,,,
52000992,9.20,7.25,9.60,8.50,6.25,6.50,7.08,,,,
52000993,7.60,7.25,9.60,6.00,6.75,6.25,6.33,,,,
52000994,9.00,4.25,9.60,8.00,6.00,6.00,6.66,,,,
52000995,7.80,6.50,8.80,7.50,7.25,6.25,7.00,,,,
52000996,5.00,5.00,,,,,,4.50,5.25,7.75,5.83
52000997,8.80,7.25,8.20,7.50,7.25,5.00,6.58,,,,
52000998,9.00,6.25,9.20,7.25,7.75,6.00,7.00,,,,
52000999,8.60,7.00,,7.00,7.00,6.75,6.91,,,,
52001000,6.80,8.50,8.80,,,,,7.00,6.75,9.50,7.75
52001001,5.60,6.75,5.80,5.50,4.25,4.50,4.75,,,,
52001002,8.80,7.75,9.40,8.50,7.75,6.00,7.41,,,,
52001003,8.20,6.75,8.80,6.75,5.75,4.75,5.75,,,,
52001004,8.60,7.50,8.80,6.75,7.50,6.75,7.00,,,,
52001005,8.00,7.00,8.80,8.50,6.50,5.50,6.83,,,,
52001006,3.40,4.75,3.00,,,,,7.75,7.25,9.75,8.25
52001007,8.80,8.75,,6.50,8.75,9.50,8.25,,,,
52001008,7.00,8.50,9.20,,,,,6.25,7.25,9.00,7.50
52001009,7.80,8.25,8.40,7.00,7.00,3.75,5.91,,,,
52001010,8.60,8.25,9.40,7.50,6.50,6.25,6.75,,,,
52001011,5.80,5.50,4.60,,,,,2.75,6.00,8.75,5.83
52001012,7.80,6.75,9.40,8.00,8.00,5.25,7.08,,,,
52001013,6.40,8.50,5.60,4.75,5.25,5.00,5.00,,,,
52001014,8.40,7.75,9.40,7.00,4.75,6.25,6.00,,,,
52001015,7.40,8.00,9.40,8.00,6.75,5.50,6.75,,,,
52001016,8.00,8.00,9.40,,,,,6.25,7.00,8.25,7.16
52001017,5.60,6.25,2.80,,,,,4.00,7.25,8.25,6.50
52001018,8.40,8.00,9.20,7.50,6.75,6.75,7.00,,,,
52001019,7.20,7.50,7.60,3.25,8.25,6.50,6.00,,,,
52001020,8.20,8.25,9.40,7.00,8.75,7.00,7.58,,,,
52001021,8.20,8.25,8.60,7.00,5.00,5.75,5.91,,,,
52001022,8.40,8.00,9.00,,,,,9.00,8.50,9.50,9.00
52001023,9.20,7.50,9.00,9.00,6.00,6.25,7.08,,,,
52001024,6.80,7.75,9.20,,,,,6.50,8.25,9.75,8.16
52001025,8.00,8.25,9.00,7.75,5.50,5.00,6.08,,,,
52001026,7.60,7.50,9.20,7.25,7.75,6.00,7.00,,,,
52001027,8.80,8.50,8.40,7.25,6.25,5.25,6.25,,,,
52001028,8.40,5.75,9.20,7.25,7.50,6.25,7.00,,,,
52001029,8.20,8.25,9.20,7.75,8.25,7.25,7.75,,,,
52001030,7.60,8.25,7.80,,,,,7.25,7.75,8.25,7.75
52001031,7.40,7.25,8.80,7.25,6.50,5.25,6.33,,,,
52001032,9.00,7.50,9.40,8.00,7.75,6.00,7.25,,,,
52001033,8.60,7.75,9.60,7.00,6.75,5.50,6.41,,,,
52001034,8.60,4.75,9.00,7.50,6.50,6.00,6.66,,,,
52001035,8.00,7.50,9.20,6.75,7.25,4.75,6.25,,,,
52001036,7.40,7.50,9.40,6.00,6.25,3.75,5.33,,,,
52001037,8.60,8.75,9.00,,,,,8.50,8.50,9.50,8.83
52001038,8.40,7.50,9.20,8.25,8.25,7.00,7.83,,,,
52001039,9.00,8.50,9.20,,,,,7.00,8.25,9.25,8.16
52001040,8.60,8.00,9.00,7.75,6.50,6.25,6.83,,,,
52001041,8.00,8.00,9.80,,,,,5.50,7.25,9.00,7.25
52001042,6.80,8.50,8.80,6.75,6.00,4.25,5.66,,,,
52001043,7.00,8.50,7.80,7.25,5.00,2.50,4.91,,,,
52001044,8.60,7.50,8.80,8.00,6.50,5.00,6.50,,,,
52001045,8.40,8.50,9.60,,,,,4.50,7.50,9.50,7.16
52001046,6.80,7.25,8.20,6.50,7.75,5.00,6.41,,,,
52001047,8.60,8.50,7.60,7.50,7.00,6.50,7.00,,,,
52001048,6.20,6.00,4.80,,,,,6.00,7.00,10.00,7.66
52001049,6.60,9.00,8.60,4.75,5.75,5.75,5.41,,,,
52001050,7.60,7.75,8.00,,,,,6.75,7.50,8.75,7.66
52001051,7.60,8.25,8.40,5.00,4.50,5.75,5.08,,,,
52001052,7.40,8.00,8.80,,,,,4.50,5.75,8.50,6.25
52001053,7.60,8.75,9.00,,,,,4.25,6.00,8.50,6.25
52001054,7.00,4.25,6.20,5.25,6.25,3.50,5.00,,,,
52001055,8.60,7.75,8.00,7.00,6.25,5.00,6.08,,,,
52001056,8.60,8.00,9.80,8.75,7.75,6.75,7.75,,,,
52001057,9.00,6.75,9.20,6.75,7.75,6.00,6.83,,,,
52001058,6.20,6.25,7.00,,,,,6.00,8.00,9.00,7.66
52001059,8.60,7.25,9.00,5.50,8.50,8.50,7.50,,,,
52001060,8.60,7.50,8.60,8.25,6.50,5.25,6.66,,,,
52001061,8.60,7.00,9.00,8.00,5.00,5.25,6.08,,,,
52001062,9.00,7.75,9.40,7.00,5.00,6.25,6.08,,,,
52001063,7.20,7.50,10.00,6.50,6.25,4.00,5.58,,,,
52001064,8.80,7.00,9.40,7.50,5.50,5.75,6.25,,,,
52001065,7.80,7.75,8.40,8.00,7.00,6.00,7.00,,,,
52001066,8.40,8.00,9.60,8.75,7.25,4.50,6.83,,,,
52001067,8.60,6.75,8.80,8.00,7.50,5.75,7.08,,,,
52001068,8.80,6.75,8.80,8.00,7.50,6.50,7.33,,,,
52001069,8.00,7.00,9.20,7.25,8.25,5.00,6.83,,,,
52001070,7.20,7.00,8.00,7.00,6.00,6.75,6.58,,,,
52001071,7.40,7.50,8.80,6.50,6.00,5.00,5.83,,,,
52001072,7.80,7.75,8.60,8.00,9.00,5.25,7.41,,,,
52001073,8.20,8.00,7.80,,,,,6.50,6.75,9.00,7.41
52001074,6.40,7.50,8.60,4.75,5.75,3.25,4.58,,,,
52001075,7.40,7.50,9.00,6.00,7.25,5.25,6.16,,,,
52001076,7.80,7.50,9.60,7.00,5.50,5.50,6.00,,,,
52001077,8.80,6.25,9.00,7.75,8.00,5.25,7.00,,,,
52001078,7.80,7.50,6.60,7.75,8.25,4.25,6.75,,,,
52001079,8.00,6.25,8.00,6.25,6.75,5.00,6.00,,,,
52001080,9.20,7.50,9.60,7.50,6.00,4.25,5.91,,,,
52001081,8.80,7.25,7.40,7.75,8.50,5.75,7.33,,,,
52001082,6.80,4.25,8.40,5.00,4.00,2.75,3.91,,,,
52001083,7.80,7.75,9.20,8.50,7.25,5.00,6.91,,,,
52001084,7.80,6.75,9.20,7.50,5.75,4.00,5.75,,,,
52001085,8.80,6.75,8.40,8.50,8.50,7.25,8.08,,,,
52001086,8.80,8.00,9.80,7.25,6.00,2.75,5.33,,,,
52001087,6.60,7.00,,6.25,3.75,4.00,4.66,,,,
52001088,7.60,6.25,8.20,6.75,7.75,4.75,6.41,,,,
52001089,8.20,7.00,7.40,7.25,6.50,5.25,6.33,,,,
52001090,5.20,7.75,8.80,,,,,5.25,7.25,9.50,7.33
52001091,8.20,8.50,8.00,5.50,8.50,6.50,6.83,,,,
52001092,8.20,8.50,7.40,7.25,7.50,4.25,6.33,,,,
52001093,7.60,7.00,9.00,7.25,6.75,6.00,6.66,,,,
52001094,8.00,6.75,8.40,7.50,8.75,6.00,7.41,,,,
52001095,8.00,7.75,9.60,7.75,6.50,6.75,7.00,,,,
52001096,7.20,6.00,9.60,6.75,6.25,5.00,6.00,,,,
52001097,7.60,8.50,9.80,5.25,6.25,5.00,5.50,,,,
52001098,8.40,7.25,9.60,7.25,4.50,3.75,5.16,,,,
52001099,9.00,6.25,9.20,5.50,8.25,6.50,6.75,,,,
52001100,7.60,6.75,8.40,5.50,6.75,5.00,5.75,,,,
52001101,8.60,8.25,9.80,8.25,7.75,6.25,7.41,,,,
52001102,7.80,5.50,9.60,8.00,7.25,6.25,7.16,,,,
52001103,7.60,8.00,9.40,5.25,8.25,8.00,7.16,,,,
52001104,7.80,7.00,8.40,7.25,6.25,6.50,6.66,,,,
52001105,8.00,7.75,8.40,8.50,7.75,3.50,6.58,,,,
52001106,8.20,6.75,9.80,8.00,7.00,7.25,7.41,,,,
52001107,8.40,7.00,9.20,8.00,8.75,5.75,7.50,,,,
52001108,3.80,6.75,3.20,,,,,5.25,8.50,9.25,7.66
52001109,7.00,7.75,7.40,6.50,7.75,6.50,6.91,,,,
52001110,8.80,5.00,9.00,6.25,8.00,4.25,6.16,,,,
52001111,6.00,7.00,6.20,,,,,6.25,8.25,8.00,7.50
52001112,8.60,7.00,9.40,7.75,7.00,6.00,6.91,,,,
52001113,8.60,6.50,7.40,8.25,8.25,4.75,7.08,,,,
52001114,8.20,6.25,9.80,8.00,6.50,5.25,6.58,,,,
52001115,9.40,7.00,7.80,7.75,8.25,4.00,6.66,,,,
52001116,7.80,7.50,9.20,6.75,8.00,5.00,6.58,,,,
52001117,7.80,7.25,9.40,8.50,6.00,5.75,6.75,,,,
52001118,9.20,7.25,9.80,7.75,4.75,7.00,6.50,,,,
52001119,9.20,8.75,9.80,8.75,7.50,6.25,7.50,,,,
52001120,8.60,7.75,9.20,7.50,7.75,5.50,6.91,,,,
52001121,8.80,8.00,9.20,7.50,6.25,4.75,6.16,,,,
52001122,9.00,8.50,9.40,7.50,6.50,6.00,6.66,,,,
52001123,7.80,8.00,8.60,7.25,6.00,4.75,6.00,,,,
52001124,7.80,9.00,8.60,5.25,4.50,6.75,5.50,,,,
52001125,9.20,9.00,9.60,,,,,9.00,8.75,9.75,9.16
52001126,7.00,8.00,,4.50,8.25,4.25,5.66,,,,
52001127,7.80,8.25,9.20,7.75,6.75,6.50,7.00,,,,
52001128,7.80,8.75,8.60,7.75,7.25,5.25,6.75,,,,
52001129,7.20,8.00,9.60,6.50,6.25,4.25,5.66,,,,
52001130,8.00,7.50,9.40,6.25,7.00,6.25,6.50,,,,
52001131,7.80,7.00,8.80,,,,,5.50,7.25,8.75,7.16
52001132,7.80,6.41,7.00,7.00,7.00,5.50,6.50,,,,
52001133,8.20,6.75,8.80,7.25,7.50,6.25,7.00,,,,
52001134,7.40,7.75,8.60,6.50,5.00,5.00,5.50,,,,
52001135,8.60,7.50,8.80,7.00,5.00,5.75,5.91,,,,
52001136,8.20,7.25,9.80,6.75,7.00,4.00,5.91,,,,
52001137,7.00,8.25,9.20,8.00,5.25,5.75,6.33,,,,
52001138,8.00,8.00,8.40,,,,,5.50,7.50,9.50,7.50
52001139,7.60,8.00,8.20,,,,,4.25,7.25,8.50,6.66
52001140,6.80,6.75,6.40,,,,,3.25,5.50,8.50,5.75
52001141,9.00,7.50,9.40,8.25,8.25,7.50,8.00,,,,
52001142,8.20,8.00,9.60,6.25,5.75,5.50,5.83,,,,
52001143,8.20,6.75,9.00,7.25,8.25,5.75,7.08,,,,
52001144,8.20,8.00,7.80,8.00,7.50,8.00,7.83,,,,
52001145,9.20,8.00,9.00,7.75,6.25,6.00,6.66,,,,
52001146,8.60,8.25,9.40,,,,,7.25,8.00,9.75,8.33
52001147,7.80,7.25,10.00,8.50,6.00,6.00,6.83,,,,
52001148,7.80,6.50,7.80,6.25,5.75,3.75,5.25,,,,
52001149,7.80,6.00,9.20,6.50,6.25,4.00,5.58,,,,
52001150,8.60,6.50,9.20,7.25,6.75,4.00,6.00,,,,
52001151,8.00,8.50,8.20,6.25,7.50,5.25,6.33,,,,
52001152,8.20,8.50,8.60,6.00,5.25,4.25,5.16,,,,
52001153,7.80,6.50,8.40,3.75,8.50,7.75,6.66,,,,
52001154,8.20,8.75,,6.00,8.50,7.25,7.25,,,,
52001155,8.80,8.50,9.40,7.75,9.00,10.00,8.91,,,,
52001156,7.00,7.50,8.40,,,,,6.75,6.75,9.00,7.50
52001157,8.60,7.50,9.20,8.25,8.50,6.75,7.83,,,,
52001158,8.60,7.50,8.80,7.25,8.50,7.00,7.58,,,,
52001159,8.00,8.25,9.20,8.75,8.75,8.00,8.50,,,,
52001160,8.00,6.75,9.40,7.75,5.75,5.50,6.33,,,,
52001161,8.40,7.00,6.40,8.50,5.00,4.25,5.91,,,,
52001162,7.60,7.25,7.20,6.75,8.50,4.50,6.58,,,,
52001163,7.40,7.25,8.60,5.00,7.50,5.75,6.08,,,,
52001164,7.80,6.75,9.20,7.25,8.00,5.50,6.91,,,,
52001165,5.40,6.50,4.60,,,,,2.25,6.00,8.00,5.41
52001166,8.80,7.00,9.80,6.75,5.00,7.00,6.25,,,,
52001167,8.80,6.75,9.80,8.25,6.25,4.75,6.41,,,,
52001168,8.40,6.50,8.60,7.00,6.50,5.25,6.25,,,,
52001169,7.60,7.25,8.80,6.50,7.00,7.25,6.91,,,,
52001170,8.00,6.50,7.60,5.75,3.25,5.00,4.66,,,,
52001171,8.00,7.50,8.20,6.25,6.00,4.50,5.58,,,,
52001172,8.20,7.25,,7.75,8.50,9.50,8.58,,,,
52001173,8.60,7.25,8.60,6.75,8.50,5.75,7.00,,,,
52001174,8.60,7.25,9.80,8.50,7.75,7.50,7.91,,,,
52001175,8.20,7.75,9.00,,,,,7.00,7.50,9.50,8.00
52001176,6.60,6.00,8.20,7.00,7.25,5.75,6.66,,,,
52001177,5.80,5.25,8.60,4.00,5.25,4.00,4.41,,,,
52001178,8.20,7.00,8.80,7.75,6.75,5.25,6.58,,,,
52001179,7.20,5.75,6.60,6.25,6.50,5.50,6.08,,,,
52001180,8.40,6.50,9.40,8.50,7.50,4.75,6.91,,,,
52001181,8.00,7.00,9.20,8.00,6.50,6.25,6.91,,,,
52001182,8.00,6.75,10.00,6.75,2.75,4.75,4.75,,,,
52001183,8.80,8.50,10.00,8.25,8.50,7.50,8.08,,,,
52001184,7.00,7.75,8.20,,,,,6.25,8.00,10.00,8.08
52001185,8.80,9.00,9.60,8.50,8.25,6.25,7.66,,,,
52001186,8.60,7.75,8.20,7.25,8.75,5.25,7.08,,,,
52001187,8.00,6.75,6.00,6.75,7.50,4.75,6.33,,,,
52001188,8.60,8.25,9.60,7.25,7.50,6.50,7.08,,,,
52001189,8.40,7.50,9.60,6.75,5.00,4.00,5.25,,,,
52001190,5.40,5.75,8.40,,,,,5.00,6.50,9.00,6.83
52001191,7.80,7.25,8.20,7.50,3.75,4.50,5.25,,,,
52001192,7.60,8.25,9.00,,,,,5.75,8.50,9.50,7.91
52001193,8.80,7.75,9.40,7.50,7.75,7.75,7.66,,,,
52001194,9.20,6.83,9.60,7.75,8.75,8.25,8.25,,,,
52001195,8.40,6.50,7.40,6.75,8.00,4.75,6.50,,,,
52001196,8.40,7.75,9.20,8.00,8.00,7.00,7.66,,,,
52001197,8.20,6.50,8.80,6.50,7.50,5.00,6.33,,,,
52001198,7.40,8.25,8.60,,,,,7.50,5.75,7.50,6.91
52001199,7.00,8.75,9.20,,,,,8.00,8.00,9.75,8.58
52001200,7.20,8.50,8.80,5.75,5.50,3.50,4.91,,,,
52001201,9.00,8.75,9.60,8.00,7.75,6.75,7.50,,,,
52001202,7.00,7.50,9.00,4.25,5.25,5.00,4.83,,,,
52001203,6.80,8.25,6.80,,,,,3.25,7.75,8.25,6.41
52001204,8.20,8.25,9.20,7.00,6.00,5.50,6.16,,,,
52001205,7.60,8.50,9.00,,,,,4.00,6.75,8.00,6.25
52001206,7.40,7.25,9.00,4.75,4.00,5.75,4.83,,,,
52001207,8.80,7.50,9.40,,,,,6.75,8.50,9.25,8.16
52001208,7.20,7.50,8.80,,,,,7.00,7.75,9.25,8.00
52001209,8.20,7.25,9.80,7.75,8.50,5.50,7.25,,,,
52001210,8.20,8.25,10.00,,,,,7.50,7.00,10.00,8.16
52001211,9.00,8.00,9.00,,,,,7.75,8.50,9.75,8.66
52001212,8.00,4.75,9.20,6.50,6.75,5.50,6.25,,,,
52001213,7.20,7.75,8.40,,,,,7.00,7.00,8.50,7.50
52001214,7.80,8.25,,7.75,8.75,7.75,8.08,,,,
52001215,9.00,7.75,9.60,,,,,8.00,8.00,8.25,8.08
52001216,8.20,8.50,9.00,6.75,6.50,5.50,6.25,,,,
52001217,7.20,8.50,7.80,,,,,5.25,8.25,9.50,7.66
52001218,8.00,7.50,9.20,5.50,8.50,6.50,6.83,,,,
52001219,8.60,8.75,9.00,,,,,6.50,7.50,9.50,7.83
52001220,8.80,9.00,10.00,,,,,7.50,9.50,9.50,8.83
52001221,8.20,7.75,9.20,6.50,7.75,6.25,6.83,,,,
52001222,7.80,8.25,,3.75,8.50,7.50,6.58,,,,
52001223,8.00,7.75,9.20,7.75,7.00,4.75,6.50,,,,
52001224,8.60,8.50,9.00,6.50,9.25,9.50,8.41,,,,
52001225,8.20,8.00,9.20,,,,,2.50,6.25,9.50,6.08
52001226,9.20,9.00,9.40,,,,,6.50,7.50,9.00,7.66
52001227,8.20,7.50,9.20,6.25,8.00,7.00,7.08,,,,
52001228,8.60,7.75,9.20,8.00,8.75,6.25,7.66,,,,
52001229,9.00,7.50,9.80,7.75,8.50,7.50,7.91,,,,
52001230,7.00,8.25,6.60,,,,,4.75,7.00,8.75,6.83
52001231,8.20,8.75,8.60,,,,,7.25,8.25,9.75,8.41
52001232,7.00,9.00,8.60,,,,,5.00,7.75,8.50,7.08
52001233,7.60,7.46,7.80,7.25,7.75,6.25,7.08,,,,
52001234,8.40,8.75,9.00,7.50,8.50,5.25,7.08,,,,
52001235,7.80,8.25,9.60,4.50,7.25,5.75,5.83,,,,
52001236,6.80,8.00,8.40,,,,,5.75,7.25,9.00,7.33
52001237,7.20,8.50,9.60,5.50,5.50,3.75,4.91,,,,
52001238,6.80,8.00,7.60,6.00,6.75,8.00,6.91,,,,
52001239,8.20,7.75,7.80,7.25,7.75,4.75,6.58,,,,
52001240,7.40,6.25,7.00,4.00,5.75,4.25,4.66,,,,
52001241,8.20,7.50,8.80,6.75,7.50,5.75,6.66,,,,
52001242,8.00,7.00,9.40,6.00,6.00,5.25,5.75,,,,
52001243,7.60,7.00,8.40,7.75,6.00,5.00,6.25,,,,
52001244,7.40,7.50,9.40,,,,,4.50,6.75,9.75,7.00
52001245,8.60,7.00,8.20,7.50,7.75,6.25,7.16,,,,
52001246,8.40,6.50,7.80,7.25,6.75,5.50,6.50,,,,
52001247,7.00,7.25,8.80,4.75,6.25,5.00,5.33,,,,
52001248,7.80,7.75,8.80,7.75,6.75,5.00,6.50,,,,
52001249,7.40,8.25,8.60,6.50,7.25,5.50,6.41,,,,
52001250,8.20,7.50,8.80,5.25,5.25,6.50,5.66,,,,
52001251,6.80,6.75,5.20,,,,,4.50,5.75,6.50,5.58
52001252,9.20,8.25,9.40,,,,,7.75,8.25,9.75,8.58
52001253,7.40,8.25,8.00,5.25,8.00,7.00,6.75,,,,
52001254,8.00,7.00,9.00,6.50,4.75,5.00,5.41,,,,
52001255,8.20,7.75,8.60,6.25,8.25,6.00,6.83,,,,
52001256,7.60,8.00,9.20,7.25,8.00,6.25,7.16,,,,
52001257,8.20,7.25,7.00,6.00,7.75,7.75,7.16,,,,
52001258,7.60,8.00,6.80,4.25,5.75,8.00,6.00,,,,
52001259,8.20,7.50,8.80,,,,,6.25,7.00,8.25,7.16
52001260,8.60,8.25,8.60,7.25,7.75,4.25,6.41,,,,
52001261,9.00,4.50,7.00,8.25,8.50,3.75,6.83,,,,
52001262,8.20,7.25,8.40,7.00,5.75,5.50,6.08,,,,
52001263,5.40,6.75,4.60,,,,,4.25,7.50,9.75,7.16
52001264,8.20,7.50,9.40,8.00,8.25,7.75,8.00,,,,
52001265,6.60,7.50,7.40,4.00,5.50,4.50,4.66,,,,
52001266,5.00,7.25,4.80,,,,,4.75,8.00,9.75,7.50
52001267,8.20,8.75,8.00,7.25,8.25,5.75,7.08,,,,
52001268,8.80,8.25,9.80,8.00,8.00,7.25,7.75,,,,
52001269,8.80,7.75,9.00,8.00,8.25,4.75,7.00,,,,
52001270,7.60,7.50,9.80,7.50,7.00,5.50,6.66,,,,
52001271,7.60,8.50,9.00,7.50,6.75,6.00,6.75,,,,
52001272,8.80,6.00,9.60,6.50,6.25,3.25,5.33,,,,
52001273,8.40,6.25,6.80,8.50,9.25,4.50,7.41,,,,
52001274,8.40,7.00,8.20,7.25,5.25,6.00,6.16,,,,
52001275,9.20,7.50,8.80,7.50,6.00,5.00,6.16,,,,
52001276,8.20,7.75,9.40,7.50,6.75,7.00,7.08,,,,
52001277,7.40,7.50,9.00,6.75,6.75,5.25,6.25,,,,
52001278,8.60,7.50,8.80,6.00,8.00,5.50,6.50,,,,
52001279,8.40,7.75,9.20,8.25,7.00,6.25,7.16,,,,
52001280,7.60,6.75,9.60,8.50,8.50,8.25,8.41,,,,
52001281,8.20,7.75,8.40,,,,,7.50,6.75,9.25,7.83
52001282,8.40,7.25,8.60,7.50,8.50,6.25,7.41,,,,
52001283,8.40,8.00,7.00,,,,,5.50,8.50,9.25,7.75
52001284,8.40,7.50,9.60,7.75,7.50,6.50,7.25,,,,
52001285,8.00,7.75,9.00,4.50,4.75,5.00,4.75,,,,
52001286,8.00,8.50,9.00,,,,,6.75,8.75,9.00,8.16
52001287,8.00,8.00,9.00,,,,,3.75,7.00,9.00,6.58
52001288,7.60,7.75,8.60,6.25,7.25,5.75,6.41,,,,
52001289,7.80,7.00,6.80,6.00,5.50,7.00,6.16,,,,
52001290,7.60,7.25,9.40,,,,,6.50,8.75,10.00,8.41
52001291,7.20,7.25,8.20,6.75,5.50,6.00,6.08,,,,
52001292,7.20,8.00,7.60,,,,,7.25,7.75,9.25,8.08
52001293,9.00,4.50,7.80,8.75,7.50,5.50,7.25,,,,
52001294,8.60,4.50,,6.50,6.25,4.00,5.58,,,,
52001295,7.40,6.25,5.40,,,,,5.75,7.25,8.75,7.25
52001296,8.60,7.50,8.40,6.50,8.25,5.50,6.75,,,,
52001297,7.40,4.25,10.00,7.50,6.75,6.50,6.91,,,,
52001298,8.40,6.75,9.40,7.00,8.25,6.75,7.33,,,,
52001299,8.40,8.50,9.80,7.25,8.50,6.25,7.33,,,,
52001300,8.40,7.25,9.40,8.25,8.25,5.25,7.25,,,,
52001301,8.20,7.75,8.60,7.00,5.50,5.25,5.91,,,,
52001302,8.00,8.00,9.40,8.75,5.25,5.25,6.41,,,,
52001303,8.60,8.00,8.80,8.00,8.50,6.50,7.66,,,,
52001304,9.00,6.00,7.00,7.50,7.75,7.25,7.50,,,,
52001305,7.20,8.25,9.20,4.75,7.00,5.50,5.75,,,,
52001306,8.20,8.25,8.60,7.00,5.50,4.50,5.66,,,,
52001307,8.80,8.50,8.00,9.25,8.00,7.00,8.08,,,,
52001308,7.00,9.00,8.80,,,,,6.50,7.25,8.25,7.33
52001309,6.80,8.50,9.20,,,,,7.50,6.75,9.50,7.91
52001310,6.60,6.75,6.00,,,,,6.00,6.75,10.00,7.58
52001311,4.20,5.50,4.20,,,,,3.25,5.25,5.75,4.75
52001312,8.40,8.50,8.40,,,,,5.50,8.25,9.75,7.83
52001313,7.60,7.75,8.40,5.50,7.25,5.50,6.08,,,,
52001314,4.40,7.00,3.40,,,,,4.25,5.25,7.25,5.58
52001315,9.00,7.50,9.60,8.00,8.00,7.50,7.83,,,,
52001316,6.00,6.25,9.40,5.75,3.50,4.50,4.58,,,,
52001317,8.20,7.00,8.00,7.50,5.25,4.50,5.75,,,,
52001318,9.00,8.25,9.80,,,,,6.50,8.25,9.50,8.08
52001319,6.40,7.50,7.60,,,,,4.75,7.25,9.50,7.16
52001320,7.60,7.25,6.40,7.75,7.75,5.75,7.08,,,,
52001321,7.80,8.25,8.20,7.25,8.25,6.50,7.33,,,,
52001322,8.00,8.50,9.00,,,,,5.50,6.00,8.50,6.66
52001323,7.60,7.25,8.80,,,,,5.00,7.00,9.25,7.08
52001324,8.80,7.75,,6.25,6.50,7.00,6.58,,,,
52001325,6.40,8.75,8.80,,,,,4.00,6.00,8.50,6.16
52001326,7.80,8.00,8.20,,,,,5.50,6.00,8.25,6.58
52001327,8.00,8.25,9.00,5.25,7.25,7.00,6.50,,,,
52001328,8.80,9.00,9.20,8.00,7.75,6.00,7.25,,,,
52001329,8.00,8.50,9.20,7.75,5.75,8.25,7.25,,,,
52001330,7.40,8.00,7.00,,,,,5.50,7.50,9.50,7.50
52001331,6.00,7.00,3.60,,,,,3.75,6.50,8.75,6.33
52001332,7.80,8.00,9.20,8.25,6.25,5.00,6.50,,,,
52001333,8.20,8.00,9.40,6.25,8.50,6.75,7.16,,,,
52001334,7.80,8.00,9.00,7.25,7.75,6.75,7.25,,,,
52001335,7.00,8.00,6.80,,,,,4.25,6.50,9.00,6.58
52001336,7.60,7.25,8.60,6.75,4.75,5.00,5.50,,,,
52001337,8.40,8.00,9.20,,,,,9.00,8.50,9.50,9.00
52001338,8.20,8.00,7.40,7.25,8.00,7.25,7.50,,,,
52001339,8.80,7.50,8.40,8.00,8.00,6.00,7.33,,,,
52001340,9.00,5.75,8.80,8.25,8.50,8.25,8.33,,,,
52001341,6.40,8.00,9.40,5.75,4.50,4.75,5.00,,,,
52001342,8.20,7.50,9.00,7.50,6.50,7.25,7.08,,,,
52001343,8.00,8.00,9.60,,,,,4.75,8.75,9.25,7.58
52001344,7.80,8.50,9.60,,,,,7.25,8.50,9.75,8.50
52001345,8.00,8.00,9.40,7.25,7.00,4.75,6.33,,,,
52001346,8.00,8.25,9.20,7.25,8.50,8.00,7.91,,,,
52001347,7.80,6.50,,7.75,8.25,4.75,6.91,,,,
52001348,8.60,8.50,9.60,8.50,7.75,7.00,7.75,,,,
52001349,7.60,8.50,9.60,,,,,7.75,9.00,9.75,8.83
52001350,8.40,7.50,7.00,,,,,5.50,6.25,8.50,6.75
52001351,8.00,8.75,9.40,8.50,6.75,5.75,7.00,,,,
52001352,8.20,9.25,9.40,,,,,8.25,8.50,10.00,8.91
52001353,7.60,7.00,9.20,6.25,7.00,5.25,6.16,,,,
52001354,7.40,9.00,9.20,,,,,7.00,7.25,8.50,7.58
52001355,7.60,7.50,9.20,6.25,8.25,6.25,6.91,,,,
52001356,8.20,7.75,9.60,8.25,7.25,6.50,7.33,,,,
52001357,8.80,7.25,9.60,9.00,7.00,5.00,7.00,,,,
52001358,4.00,6.00,3.00,,,,,4.00,7.25,7.75,6.33
52001359,8.80,8.00,9.40,8.25,7.75,7.25,7.75,,,,
52001360,7.80,8.00,9.40,,,,,8.75,7.75,9.50,8.66
52001361,7.40,7.25,8.20,7.00,7.00,7.00,7.00,,,,
52001362,6.60,8.75,9.40,,,,,5.75,9.25,9.00,8.00
52001363,7.40,7.75,9.40,6.50,7.25,6.50,6.75,,,,
52001364,8.40,7.50,8.60,8.50,6.00,5.75,6.75,,,,
52001365,8.20,9.00,10.00,7.00,7.00,7.25,7.08,,,,
52001366,8.00,7.00,9.40,7.00,5.50,6.25,6.25,,,,
52001367,8.20,6.25,9.80,6.00,6.25,5.75,6.00,,,,
52001368,6.80,7.75,9.20,,,,,5.50,7.75,9.00,7.41
52001369,7.40,7.00,6.80,,,,,4.25,7.00,9.25,6.83
52001370,8.20,7.75,6.60,6.50,6.50,8.00,7.00,,,,
52001371,8.60,8.25,9.00,7.25,8.00,8.00,7.75,,,,
52001372,8.00,8.25,8.80,8.00,5.75,6.50,6.75,,,,
52001373,8.80,7.75,7.60,5.00,7.50,8.50,7.00,,,,
52001374,8.20,7.75,9.20,6.00,8.50,8.00,7.50,,,,
52001375,6.80,8.50,,6.75,6.00,4.25,5.66,,,,
52001376,8.60,8.00,7.20,7.25,7.75,6.00,7.00,,,,
52001377,8.00,7.50,9.40,7.00,7.25,5.75,6.66,,,,
52001378,8.00,8.50,9.40,8.50,5.50,5.50,6.50,,,,
52001379,8.20,7.50,9.20,7.75,7.25,7.50,7.50,,,,
52001380,8.80,7.00,6.00,6.50,8.75,8.00,7.75,,,,
52001381,8.80,5.50,8.60,7.75,8.50,8.25,8.16,,,,
52001382,7.60,8.25,9.40,7.25,7.25,7.00,7.16,,,,
52001383,9.20,7.50,9.00,8.00,8.75,8.25,8.33,,,,
52001384,8.20,7.75,8.80,6.25,7.75,6.25,6.75,,,,
52001385,8.00,8.25,7.60,5.75,7.75,7.75,7.08,,,,
52001386,8.60,8.50,8.40,8.00,8.50,5.75,7.41,,,,
52001387,7.00,8.00,9.20,6.75,7.00,6.50,6.75,,,,
52001388,8.00,9.00,8.80,6.75,6.50,6.00,6.41,,,,
52001389,7.60,8.00,8.20,6.75,6.00,5.75,6.16,,,,
52001390,7.40,8.75,9.00,,,,,7.00,7.25,9.25,7.83
52001391,7.00,7.00,9.20,,,,,7.50,7.00,9.75,8.08
52001392,8.20,7.75,8.60,7.00,5.75,6.00,6.25,,,,
52001393,7.40,7.25,8.20,7.00,5.50,5.50,6.00,,,,
52001394,8.40,7.00,9.40,6.50,6.75,5.25,6.16,,,,
52001395,7.80,7.50,8.20,6.25,5.75,5.00,5.66,,,,
52001396,7.20,7.00,7.60,5.25,7.00,3.25,5.16,,,,
52001397,7.60,7.50,9.40,,,,,6.00,8.25,7.00,7.08
52001398,6.40,7.75,6.60,6.00,3.50,6.00,5.16,,,,
52001399,3.20,5.25,3.20,,,,,3.75,5.00,6.50,5.08
52001400,7.60,8.25,7.40,7.25,7.75,6.75,7.25,,,,
52001401,8.20,4.50,9.20,7.50,2.75,3.00,4.41,,,,
52001402,5.20,7.50,7.80,,,,,3.00,7.50,8.50,6.33
52001403,8.60,7.25,7.40,7.25,8.00,6.50,7.25,,,,
52001404,8.40,7.00,9.00,7.00,6.75,7.25,7.00,,,,
52001405,8.60,7.25,8.80,5.25,8.50,5.00,6.25,,,,
52001406,7.20,6.50,8.80,6.50,5.25,5.25,5.66,,,,
52001407,8.80,7.25,9.20,7.25,8.00,6.00,7.08,,,,
52001408,8.00,8.25,7.60,5.75,7.25,6.50,6.50,,,,
52001409,8.80,6.50,8.60,8.25,7.00,7.25,7.50,,,,
52001410,8.60,7.75,9.00,8.00,7.75,7.75,7.83,,,,
52001411,8.80,7.50,10.00,8.25,7.25,7.50,7.66,,,,
52001412,7.40,6.75,9.20,7.50,5.50,5.50,6.16,,,,
52001413,7.80,7.00,9.20,6.00,8.00,3.00,5.66,,,,
52001414,8.80,6.50,,8.50,6.75,4.25,6.50,,,,
52001415,6.20,6.50,7.80,,,,,5.25,6.25,7.75,6.41
52001416,8.00,8.00,8.40,7.75,8.50,6.00,7.41,,,,
52001417,8.00,7.25,9.40,8.00,5.75,7.50,7.08,,,,
52001418,8.60,7.00,8.20,8.50,7.50,5.25,7.08,,,,
52001419,8.00,7.50,7.40,6.50,8.25,5.50,6.75,,,,
52001420,8.80,7.50,8.00,7.50,8.25,6.50,7.41,,,,
52001421,7.00,8.75,9.00,,,,,9.00,8.75,9.75,9.16
52001422,8.80,7.75,9.40,7.25,8.50,6.75,7.50,,,,
52001423,8.60,7.50,9.00,8.25,9.25,7.50,8.33,,,,
52001424,8.60,8.00,9.00,8.50,7.00,5.00,6.83,,,,
52001425,7.20,7.75,7.80,,,,,7.00,7.25,9.50,7.91
52001426,7.80,8.00,9.40,,,,,7.75,8.25,9.50,8.50
52001427,7.20,6.50,8.60,,,,,5.25,7.25,9.00,7.16
52001428,8.00,8.25,9.40,4.75,6.50,6.25,5.83,,,,
52001429,8.60,7.00,9.60,7.75,8.50,5.25,7.16,,,,
52001430,7.60,8.00,9.00,7.50,6.50,6.25,6.75,,,,
52001431,7.60,8.00,8.80,6.25,6.50,4.75,5.83,,,,
52001432,7.60,7.00,9.40,,,,,5.50,6.25,9.00,6.91
52001433,7.80,8.00,8.80,,,,,8.25,8.50,10.00,8.91
52001434,8.60,7.50,8.20,8.25,8.25,6.75,7.75,,,,
52001435,7.40,8.25,9.80,5.00,5.00,6.00,5.33,,,,
52001436,7.60,7.25,7.20,6.00,6.50,4.50,5.66,,,,
52001437,7.80,8.25,9.00,,,,,8.50,8.75,9.75,9.00
52001438,6.40,6.50,5.60,,,,,4.25,5.75,8.50,6.16
52001439,9.00,8.25,7.60,7.50,7.75,6.50,7.25,,,,
52001440,7.80,7.25,8.80,7.50,8.00,6.25,7.25,,,,
52001441,7.80,7.50,8.60,,,,,6.75,6.75,8.75,7.41
52001442,8.20,7.50,8.20,5.25,7.50,6.50,6.41,,,,
52001443,7.00,6.75,6.20,5.50,4.50,4.50,4.83,,,,
52001444,9.20,6.75,,7.50,9.75,5.50,7.58,,,,
52001445,8.80,6.75,7.60,8.50,8.50,5.50,7.50,,,,
52001446,8.40,8.25,9.40,6.75,8.00,6.75,7.16,,,,
52001447,8.40,7.00,9.00,8.25,8.00,5.25,7.16,,,,
52001448,7.60,7.50,9.40,6.25,8.00,4.50,6.25,,,,
52001449,8.00,8.25,9.40,6.25,8.25,5.50,6.66,,,,
52001450,8.60,6.50,8.60,6.75,7.75,4.00,6.16,,,,
52001451,7.60,5.50,9.80,8.00,6.25,6.50,6.91,,,,
52001452,7.40,8.00,8.20,6.50,8.25,7.75,7.50,,,,
52001453,8.20,7.00,9.80,8.25,5.75,6.00,6.66,,,,
52001454,8.80,6.75,7.20,6.00,6.50,4.25,5.58,,,,
52001455,8.40,6.50,9.20,7.75,6.50,4.75,6.33,,,,
52001456,8.60,6.00,9.20,7.00,6.50,5.50,6.33,,,,
52001457,5.20,5.75,3.40,,,,,4.50,7.00,9.00,6.83
52001458,9.00,7.25,9.60,9.00,8.00,8.25,8.41,,,,
52001459,7.20,8.00,8.60,5.75,6.75,4.50,5.66,,,,
52001460,8.40,8.50,8.40,7.25,5.75,5.00,6.00,,,,
52001461,6.80,8.50,8.60,,,,,4.75,8.00,8.75,7.16
52001462,6.40,8.25,7.80,,,,,4.75,8.25,9.25,7.41
52001463,8.60,7.75,9.20,8.00,4.25,2.75,5.00,,,,
52001464,8.80,8.00,9.00,7.50,8.00,5.50,7.00,,,,
52001465,8.20,7.75,9.20,,,,,7.50,8.50,9.25,8.41
52001466,6.60,8.50,9.80,,,,,6.75,9.25,9.75,8.58
52001467,8.20,8.00,8.80,5.75,8.00,6.50,6.75,,,,
52001468,7.60,7.25,7.40,5.50,8.25,5.25,6.33,,,,
52001469,8.40,8.00,8.80,,,,,6.75,7.50,9.50,7.91
52001470,8.00,6.50,,6.00,4.50,4.00,4.83,,,,
52001471,8.20,7.25,9.40,8.50,8.25,6.25,7.66,,,,
52001472,9.20,7.50,9.20,8.50,8.75,6.75,8.00,,,,
52001473,8.80,7.75,8.80,7.50,5.75,5.25,6.16,,,,
52001474,8.60,8.00,9.00,8.25,7.75,7.00,7.66,,,,
52001475,6.40,8.00,7.40,6.00,4.75,5.50,5.41,,,,
52001476,8.80,8.75,8.80,7.25,7.75,6.75,7.25,,,,
52001477,8.60,9.00,8.80,8.00,6.50,6.00,6.83,,,,
52001478,8.60,8.25,9.20,,,,,6.75,7.25,8.75,7.58
52001479,7.20,8.00,8.20,8.00,9.00,4.75,7.25,,,,
52001480,8.20,8.25,9.80,,,,,5.75,7.75,9.25,7.58
52001481,7.20,6.50,9.40,6.25,7.00,6.00,6.41,,,,
52001482,9.00,8.50,9.00,7.75,8.50,10.00,8.75,,,,
52001483,8.00,8.00,,7.25,8.75,7.50,7.83,,,,
52001484,9.20,8.00,9.60,7.00,6.00,2.25,5.08,,,,
52001485,8.00,8.25,9.40,,,,,7.25,6.25,8.75,7.41
52001486,8.80,7.50,9.00,8.50,5.50,5.75,6.58,,,,
52001487,8.60,7.25,8.80,5.00,6.75,5.50,5.75,,,,
52001488,5.00,7.50,3.60,,,,,6.75,7.75,9.75,8.08
52001489,8.40,8.25,9.40,5.25,6.75,3.75,5.25,,,,
52001490,8.60,7.25,9.00,7.25,5.00,4.50,5.58,,,,
52001491,8.20,7.75,9.80,6.25,7.75,4.50,6.16,,,,
52001492,8.80,8.00,9.00,,,,,8.25,8.75,10.00,9.00
52001493,7.60,8.50,7.80,,,,,6.25,6.50,8.50,7.08
52001494,8.00,9.00,8.80,,,,,5.00,8.75,9.25,7.66
52001495,8.20,8.50,9.80,7.75,8.25,6.50,7.50,,,,
52001496,7.40,7.50,9.40,6.75,4.00,3.50,4.75,,,,
52001497,8.40,7.50,8.60,7.25,5.75,5.25,6.08,,,,
52001498,8.40,8.00,9.40,8.50,6.25,6.00,6.91,,,,
52001499,7.80,7.00,7.20,7.75,6.25,5.00,6.33,,,,
52001500,8.00,8.25,9.40,7.00,7.50,5.25,6.58,,,,
52001501,8.40,6.75,9.00,7.50,8.00,9.75,8.41,,,,
52001502,6.80,7.25,6.80,5.50,7.50,5.50,6.16,,,,
52001503,7.80,7.25,8.60,8.25,8.25,8.00,8.16,,,,
52001504,7.00,6.50,7.80,6.50,6.00,4.00,5.50,,,,
52001505,7.80,8.50,7.20,7.50,7.25,6.25,7.00,,,,
52001506,8.60,7.50,9.80,7.75,8.50,7.25,7.83,,,,
52001507,8.60,8.00,7.20,7.00,8.25,6.50,7.25,,,,
52001508,6.80,8.75,9.20,,,,,6.00,7.50,9.75,7.75
52001509,8.60,8.50,8.20,,,,,5.75,7.25,8.50,7.16
52001510,7.00,8.50,9.60,,,,,4.50,8.50,8.75,7.25
52001511,7.40,7.75,7.20,6.75,6.50,5.00,6.08,,,,
52001513,8.60,8.50,9.20,7.25,7.00,5.75,6.66,,,,
52001514,9.00,8.25,9.40,7.75,6.00,5.25,6.33,,,,
52001515,8.40,9.25,8.80,7.00,6.50,7.25,6.91,,,,
52001516,7.80,8.00,7.40,,,,,7.75,8.25,9.50,8.50
52001517,4.00,4.25,3.40,,,,,3.50,6.75,8.25,6.16
52001518,9.00,7.75,8.60,4.25,8.75,7.50,6.83,,,,
52001519,7.20,8.00,8.60,5.00,6.75,7.00,6.25,,,,
52001520,8.00,7.75,9.80,,,,,9.00,7.00,9.50,8.50
52001521,8.20,8.25,8.80,9.00,7.25,6.00,7.41,,,,
52001522,8.00,9.00,6.00,,,,,7.00,7.25,9.50,7.91
52001523,6.20,7.75,7.20,6.50,4.00,3.75,4.75,,,,
52001524,8.60,7.50,10.00,6.50,7.50,5.25,6.41,,,,
52001525,7.60,7.50,9.20,7.25,7.50,5.75,6.83,,,,
52001526,8.80,8.25,9.40,9.00,8.25,5.25,7.50,,,,
52001527,8.80,8.00,9.40,7.25,3.25,4.25,4.91,,,,
52001528,8.40,8.75,9.40,8.75,8.00,6.00,7.58,,,,
52001529,8.40,8.25,7.60,5.00,8.50,9.50,7.66,,,,
52001530,8.00,8.00,8.60,8.50,5.75,6.50,6.91,,,,
52001531,7.60,8.25,8.00,7.50,7.75,5.75,7.00,,,,
52001532,8.20,5.50,8.80,7.25,5.75,3.75,5.58,,,,
52001533,7.60,8.00,8.80,5.50,5.75,7.25,6.16,,,,
52001534,8.20,8.00,9.60,8.75,8.00,6.00,7.58,,,,
52001535,8.60,8.00,9.40,7.00,7.75,8.25,7.66,,,,
52001536,7.40,8.00,5.00,3.50,6.50,8.50,6.16,,,,
52001537,8.00,7.00,9.20,6.50,7.00,5.50,6.33,,,,
52001538,8.80,7.00,9.60,8.00,5.50,7.50,7.00,,,,
52001539,7.80,8.00,7.20,7.00,8.00,4.75,6.58,,,,
52001540,8.00,7.75,9.60,8.00,6.50,4.50,6.33,,,,
52001541,8.20,8.00,9.60,6.00,8.25,4.50,6.25,,,,
52001542,7.80,8.25,7.00,4.75,7.75,8.25,6.91,,,,
52001543,5.40,7.50,7.60,,,,,4.25,8.00,9.25,7.16
52001544,7.40,7.25,8.60,8.00,7.50,5.25,6.91,,,,
52001545,8.60,8.00,9.20,8.50,5.75,6.50,6.91,,,,
52001546,7.60,7.50,6.60,6.25,5.50,6.25,6.00,,,,
52001547,7.80,8.50,9.80,5.75,7.00,7.25,6.66,,,,
52001548,8.60,8.25,9.00,7.25,6.50,5.75,6.50,,,,
52001549,8.80,7.75,7.20,7.25,8.25,5.50,7.00,,,,
52001550,8.00,6.50,8.80,7.00,7.00,6.00,6.66,,,,
52001551,8.20,7.50,8.80,5.75,7.75,5.25,6.25,,,,
52001552,8.20,8.00,8.20,,,,,7.75,8.50,8.75,8.33
52001553,7.40,7.50,8.80,,,,,4.75,6.75,9.75,7.08
52001554,6.60,8.00,7.80,,,,,5.50,7.00,8.75,7.08
52001555,6.60,7.50,9.00,3.75,7.25,5.50,5.50,,,,
52001556,7.60,7.75,8.20,5.00,7.00,6.00,6.00,,,,
52001557,7.00,8.00,9.00,,,,,8.00,9.50,9.50,9.00
52001558,8.80,8.00,8.20,7.50,9.25,5.50,7.41,,,,
52001559,7.00,8.25,5.60,7.75,7.75,4.25,6.58,,,,
52001560,7.40,9.25,9.40,,,,,6.25,8.00,9.50,7.91
52001561,8.00,8.75,9.00,5.75,4.50,4.50,4.91,,,,
52001562,7.80,7.75,9.60,7.50,7.25,6.00,6.91,,,,
52001563,7.40,8.75,9.60,5.75,4.75,6.00,5.50,,,,
52001564,8.40,7.50,9.40,6.75,4.50,4.00,5.08,,,,
52001565,8.00,7.75,9.00,6.75,8.00,7.00,7.25,,,,
52001566,9.00,7.50,9.40,8.00,8.75,7.00,7.91,,,,
52001567,8.60,7.75,9.80,5.50,8.50,6.75,6.91,,,,
52001568,5.40,7.25,3.40,,,,,3.75,5.75,9.00,6.16
52001569,8.20,7.00,8.00,7.00,7.50,5.25,6.58,,,,
52001570,8.00,7.50,8.20,6.00,7.75,5.75,6.50,,,,
52001571,8.00,7.25,8.00,5.50,6.00,5.50,5.66,,,,
52001572,7.80,7.00,9.00,6.00,3.75,6.75,5.50,,,,
52001573,8.00,6.75,8.40,,,,,4.75,6.25,9.50,6.83
52001574,7.40,7.25,9.00,6.75,5.75,4.75,5.75,,,,
52001575,9.20,7.25,9.20,8.25,5.00,5.75,6.33,,,,
52001576,7.80,6.75,9.00,7.00,4.50,5.25,5.58,,,,
52001577,8.40,8.25,9.20,8.50,7.00,5.25,6.91,,,,
52001578,6.60,7.50,8.80,5.75,7.00,7.25,6.66,,,,
52001579,7.80,7.50,9.00,,,,,6.75,7.00,9.75,7.83
52001580,9.00,7.75,9.40,9.00,8.00,6.50,7.83,,,,
52001581,9.00,7.50,9.80,9.25,6.25,6.75,7.41,,,,
52001582,7.60,7.75,9.80,6.25,7.00,4.25,5.83,,,,
52001583,8.60,7.00,9.20,8.00,8.00,7.00,7.66,,,,
52001584,7.00,6.75,8.80,6.00,5.50,4.00,5.16,,,,
52001585,8.20,9.00,9.60,,,,,5.25,7.50,9.00,7.25
52001586,7.00,8.50,9.80,,,,,8.25,8.00,9.75,8.66
52001587,8.00,8.00,7.20,8.25,7.75,7.75,7.91,,,,
52001588,8.00,7.00,9.00,5.25,5.50,3.00,4.58,,,,
52001589,7.60,8.75,8.80,,,,,9.00,8.75,9.50,9.08
52001590,8.20,7.50,9.40,,,,,7.50,7.50,8.25,7.75
52001591,7.40,8.75,9.40,5.00,4.25,5.25,4.83,,,,
52001592,7.80,7.00,7.40,6.00,5.25,6.00,5.75,,,,
52001593,7.60,8.50,9.20,7.50,7.25,6.75,7.16,,,,
52001594,7.60,7.50,9.60,7.75,8.25,7.00,7.66,,,,
52001595,7.60,7.50,8.80,6.00,6.75,4.75,5.83,,,,
52001596,6.80,6.00,9.00,6.75,7.50,5.00,6.41,,,,
52001597,8.80,7.25,9.20,7.50,7.50,6.75,7.25,,,,
52001598,8.60,7.50,9.60,8.25,7.50,7.00,7.58,,,,
52001599,8.80,7.50,9.80,7.75,7.25,7.25,7.41,,,,
52001600,8.40,6.50,9.00,7.75,7.00,6.25,7.00,,,,
52001601,8.60,9.25,9.20,,,,,7.75,8.00,9.25,8.33
52001602,8.00,8.25,8.00,6.25,6.75,5.25,6.08,,,,
52001603,7.60,9.00,8.60,5.75,7.75,5.25,6.25,,,,
52001604,7.20,8.50,7.40,7.25,8.00,8.25,7.83,,,,
52001605,8.20,7.75,6.40,8.50,7.25,6.25,7.33,,,,
52001606,7.80,7.75,6.20,,,,,5.25,6.75,10.00,7.33
52001607,5.00,4.75,3.20,,,,,2.00,6.25,7.25,5.16
52001608,8.20,8.00,9.40,7.50,8.25,7.00,7.58,,,,
52001609,7.40,8.28,7.80,,,,,4.00,5.75,9.00,6.25
52001610,8.40,7.75,8.60,7.50,8.75,5.25,7.16,,,,
52001611,7.60,7.25,8.60,5.00,8.00,6.75,6.58,,,,
52001612,7.40,7.50,8.60,,,,,3.25,5.75,8.00,5.66
52001613,7.20,8.00,9.20,5.50,7.75,5.75,6.33,,,,
52001614,8.20,7.25,9.20,6.25,7.00,6.00,6.41,,,,
52001615,8.20,7.00,8.20,7.00,6.75,5.25,6.33,,,,
52001616,8.60,7.50,9.00,7.50,6.25,6.75,6.83,,,,
52001617,9.20,7.75,9.20,8.75,7.00,7.00,7.58,,,,
52001618,8.40,7.50,9.40,8.50,7.50,7.75,7.91,,,,
52001620,7.20,6.50,8.40,7.00,4.25,5.75,5.66,,,,
52001621,8.20,7.75,8.00,7.75,7.75,4.00,6.50,,,,
52001622,8.60,8.00,9.60,,,,,7.50,10.00,9.75,9.08
52001623,8.20,7.75,8.20,8.50,8.00,6.00,7.50,,,,
52001624,9.60,7.75,9.20,9.00,7.75,7.00,7.91,,,,
52001625,7.20,7.25,7.80,5.00,7.75,8.50,7.08,,,,
52001626,7.00,7.25,9.60,7.00,5.25,7.00,6.41,,,,
52001627,8.40,7.50,7.20,6.25,7.25,5.50,6.33,,,,
52001628,7.40,8.00,9.40,,,,,5.25,6.50,9.00,6.91
52001629,4.40,7.00,5.00,,,,,3.25,6.00,7.00,5.41
52001630,8.60,8.50,9.20,,,,,8.00,8.50,9.75,8.75
52001631,6.60,8.75,7.40,,,,,3.50,6.75,9.25,6.50
52001632,9.20,8.00,7.80,5.00,7.50,8.75,7.08,,,,
52001633,8.80,9.00,9.40,7.50,8.00,6.50,7.33,,,,
52001634,9.00,7.50,9.40,8.50,6.25,6.00,6.91,,,,
52001635,9.00,7.50,9.20,8.50,8.50,4.75,7.25,,,,
52001636,8.40,6.25,8.60,6.75,8.00,5.25,6.66,,,,
52001637,8.20,6.25,,3.25,8.00,8.50,6.58,,,,
52001638,8.00,7.25,9.00,6.25,5.50,3.50,5.08,,,,
52001639,9.40,7.25,7.80,8.25,7.75,6.25,7.41,,,,
52001640,8.60,6.25,8.40,6.75,9.00,10.00,8.58,,,,
52001641,7.60,6.75,9.40,6.00,4.25,5.50,5.25,,,,
52001642,5.20,6.50,6.40,,,,,5.50,6.00,8.75,6.75
52001643,9.20,7.50,8.20,8.25,8.25,4.25,6.91,,,,
52001644,8.00,7.25,6.40,8.00,8.25,5.00,7.08,,,,
52001645,7.80,8.00,9.40,7.25,6.50,6.25,6.66,,,,
52001646,7.20,7.75,6.80,7.75,6.75,5.25,6.58,,,,
52001647,8.00,7.50,8.20,,,,,6.00,7.25,9.00,7.41
52001648,7.80,6.25,8.20,8.25,3.25,3.50,5.00,,,,
52001649,7.00,7.75,10.00,6.75,5.75,5.75,6.08,,,,
52001650,8.40,7.50,,5.75,6.75,5.50,6.00,,,,
52001651,7.60,7.25,9.80,,,,,5.75,8.00,8.75,7.50
52001652,9.40,6.00,10.00,6.25,7.00,5.75,6.33,,,,
52001653,8.60,6.25,9.40,5.75,7.00,4.75,5.83,,,,
52001654,8.40,6.25,9.40,7.75,7.00,5.25,6.66,,,,
52001655,7.00,6.00,9.20,4.00,4.00,6.25,4.75,,,,
52001656,8.60,5.00,9.00,7.50,5.50,5.50,6.16,,,,
52001657,8.20,7.00,9.40,7.50,6.25,6.25,6.66,,,,
52001658,9.00,8.00,9.60,8.25,8.00,6.50,7.58,,,,
52001659,8.20,7.75,8.60,7.00,4.50,4.50,5.33,,,,
52001660,6.80,7.75,7.20,,,,,3.75,6.25,9.00,6.33
52001661,8.20,7.50,6.60,,,,,5.00,7.50,9.75,7.41
52001662,8.80,7.75,9.40,,,,,9.25,8.25,9.00,8.83
52001663,8.20,7.25,9.00,8.25,8.25,7.75,8.08,,,,
52001664,8.60,7.50,7.80,7.50,8.50,5.50,7.16,,,,
52001665,7.00,8.00,7.00,,,,,5.00,7.50,9.75,7.41
52001666,8.80,7.50,,8.00,8.00,7.75,7.91,,,,
52001667,7.60,7.75,9.60,,,,,7.25,7.50,9.00,7.91
52001668,8.40,7.75,8.60,7.00,6.00,5.25,6.08,,,,
52001669,8.20,8.25,9.00,7.25,8.25,6.00,7.16,,,,
52001670,8.20,8.75,9.40,7.50,5.75,5.25,6.16,,,,
52001671,7.60,6.75,9.00,9.00,4.75,4.00,5.91,,,,
52001672,7.60,8.00,8.20,,,,,8.50,8.25,9.75,8.83
52001673,7.00,7.75,8.20,5.00,6.50,7.50,6.33,,,,
52001674,8.60,7.25,9.40,8.00,7.75,6.50,7.41,,,,
52001675,3.60,4.75,2.60,,,,,3.75,6.50,9.25,6.50
52001676,8.00,7.00,8.80,,,,,5.00,8.25,8.75,7.33
52001677,7.60,7.50,9.60,,,,,7.00,7.75,8.75,7.83
52001678,8.40,7.50,9.20,6.25,7.75,5.00,6.33,,,,
52001679,8.20,7.50,7.80,7.25,7.75,6.75,7.25,,,,
52001680,8.00,7.00,8.60,7.75,6.50,5.00,6.41,,,,
52001681,8.20,8.00,8.60,6.00,6.75,5.50,6.08,,,,
52001682,7.40,7.50,9.40,7.00,8.00,6.25,7.08,,,,
52001683,8.60,7.75,8.40,7.25,7.00,7.25,7.16,,,,
52001684,8.20,7.75,9.60,6.25,8.00,6.00,6.75,,,,
52001685,7.60,8.00,8.80,7.00,7.75,5.50,6.75,,,,
52001686,7.80,7.00,7.40,6.00,8.00,5.75,6.58,,,,
52001687,9.20,7.75,7.80,8.25,8.75,5.50,7.50,,,,
52001688,8.80,8.00,9.40,9.00,7.50,7.50,8.00,,,,
52001689,7.80,8.25,9.60,8.50,4.00,5.25,5.91,,,,
52001690,8.40,8.00,9.60,8.00,5.50,7.25,6.91,,,,
52001691,8.60,8.50,9.20,7.75,7.25,5.00,6.66,,,,
52001692,7.40,7.66,8.80,6.75,6.00,6.00,6.25,,,,
52001693,9.00,7.50,8.00,8.50,7.50,7.50,7.83,,,,
52001694,7.80,7.00,9.40,7.25,7.50,5.75,6.83,,,,
52001695,9.00,8.00,8.80,7.50,6.75,5.50,6.58,,,,
52001696,8.40,8.50,9.20,,,,,6.00,8.00,9.50,7.83
52001697,8.80,8.75,,7.50,7.00,7.50,7.33,,,,
52001698,7.60,9.00,8.80,8.00,6.00,8.00,7.33,,,,
52001699,8.20,8.50,,6.50,7.50,5.75,6.58,,,,
52001700,7.80,7.75,8.60,6.50,8.25,8.25,7.66,,,,
52001701,7.40,8.25,8.60,6.25,6.25,6.00,6.16,,,,
52001702,7.80,7.50,8.80,5.50,8.00,7.00,6.83,,,,
52001703,9.20,8.25,9.20,6.50,8.00,5.25,6.58,,,,
52001704,7.80,8.75,9.00,8.00,8.00,7.00,7.66,,,,
52001705,9.00,8.50,9.40,8.25,7.75,6.50,7.50,,,,
52001706,8.00,8.75,9.00,,,,,7.75,7.75,9.00,8.16
52001707,6.20,7.75,7.40,,,,,5.00,7.25,9.75,7.33
52001708,7.40,9.00,9.40,,,,,5.50,8.00,9.25,7.58
52001709,8.40,8.75,9.40,,,,,5.50,7.50,8.50,7.16
52001710,7.80,8.00,9.60,6.50,6.25,7.25,6.66,,,,
52001711,7.60,9.25,9.00,,,,,5.25,7.75,8.75,7.25
52001712,6.80,9.00,8.80,,,,,4.50,6.25,8.25,6.33
52001713,8.80,8.75,9.60,6.75,7.50,6.75,7.00,,,,
52001714,8.00,7.50,8.80,7.50,7.00,4.00,6.16,,,,
52001715,7.00,6.50,3.00,,,,,3.25,6.75,8.50,6.16
52001716,7.20,7.50,9.00,,,,,6.00,7.00,9.75,7.58
52001717,7.40,7.00,8.60,6.75,7.75,5.50,6.66,,,,
52001718,8.00,8.00,9.40,6.00,7.00,5.25,6.08,,,,
52001719,8.00,8.25,8.40,7.75,7.50,4.75,6.66,,,,
52001720,6.00,6.25,6.20,5.00,6.50,3.50,5.00,,,,
52001721,8.20,7.50,7.80,8.00,7.25,3.75,6.33,,,,
52001722,7.60,8.00,8.80,,,,,6.75,7.50,9.75,8.00
52001723,7.60,7.75,8.80,6.25,5.50,7.50,6.41,,,,
52001724,7.00,7.50,9.40,,,,,5.75,8.25,9.25,7.75
52001725,6.80,8.25,8.80,,,,,4.00,6.50,9.50,6.66
52001726,6.60,8.75,8.40,,,,,6.75,7.00,9.25,7.66
52001727,8.00,7.25,6.20,,,,,4.50,7.25,9.25,7.00
52001728,6.00,8.00,7.40,,,,,3.75,6.25,8.75,6.25
52001729,5.40,7.75,7.20,,,,,3.50,8.00,8.75,6.75
52001730,6.00,6.25,5.80,,,,,3.00,6.25,8.00,5.75
52001731,8.20,7.50,9.00,,,,,5.25,8.25,9.50,7.66
52001732,7.00,8.25,8.40,,,,,6.00,5.75,8.00,6.58
52001733,8.80,7.00,8.20,8.50,7.50,6.00,7.33,,,,
52001734,7.40,7.75,8.60,,,,,4.25,6.00,8.00,6.08
52001735,5.80,7.50,4.20,5.25,4.50,4.50,4.75,,,,
52001736,9.00,8.00,9.80,,,,,8.75,7.75,8.50,8.33
52001737,5.20,7.25,8.40,,,,,4.75,6.75,8.00,6.50
52001738,7.60,6.25,6.80,6.00,5.75,5.25,5.66,,,,
52001739,7.40,7.00,6.60,6.25,8.50,5.50,6.75,,,,
52001740,7.00,8.00,9.00,,,,,6.50,7.25,8.50,7.41
52001741,7.40,6.75,10.00,3.75,4.25,4.00,4.00,,,,
52001742,6.60,7.25,8.80,7.75,5.50,5.25,6.16,,,,
52001743,8.80,7.00,8.20,7.75,3.25,3.75,4.91,,,,
52001744,7.40,8.00,8.60,,,,,7.00,8.75,9.75,8.50
52001745,7.80,8.25,9.20,,,,,5.50,7.00,7.75,6.75
52001746,6.40,7.50,7.80,6.75,4.75,5.50,5.66,,,,
52001747,7.00,6.75,8.80,6.25,5.25,5.50,5.66,,,,
52001748,8.60,8.00,9.60,,,,,7.00,9.50,9.75,8.75
52001749,7.60,7.75,8.40,,,,,5.75,7.50,9.50,7.58
52001750,9.20,6.75,9.40,9.00,6.50,5.25,6.91,,,,
52001751,5.20,6.75,7.00,,,,,3.00,6.00,9.25,6.08
52001752,7.40,7.75,8.00,5.50,5.25,3.00,4.58,,,,
52001753,7.00,8.25,5.80,,,,,3.00,7.25,7.75,6.00
52001754,8.00,7.00,9.40,7.50,4.75,4.00,5.41,,,,
52001755,3.60,6.25,6.20,,,,,1.75,5.00,4.00,3.58
52001756,8.00,7.00,7.80,4.75,6.00,5.25,5.33,,,,
52001757,7.40,7.75,5.80,,,,,5.50,9.00,8.50,7.66
52001758,8.40,8.75,9.80,,,,,8.50,8.75,9.50,8.91
52001759,8.40,7.25,8.00,6.25,8.75,8.50,7.83,,,,
52001760,7.40,7.75,7.40,5.25,6.75,5.50,5.83,,,,
52001761,8.40,8.00,8.60,,,,,4.75,6.75,8.75,6.75
52001762,5.40,5.50,8.00,6.75,6.50,4.50,5.91,,,,
52001763,7.20,8.00,7.60,6.00,4.75,4.00,4.91,,,,
52001764,8.20,8.00,7.60,7.50,7.50,4.25,6.41,,,,
52001765,8.80,8.00,9.20,7.25,8.00,8.25,7.83,,,,
52001766,6.40,8.00,8.80,,,,,6.25,7.50,9.50,7.75
52001767,7.00,6.75,7.80,5.75,4.25,4.00,4.66,,,,
52001768,8.00,8.50,9.20,,,,,8.75,9.50,9.75,9.33
52001769,7.80,6.25,5.00,6.50,7.00,4.25,5.91,,,,
52001770,8.00,8.00,7.00,6.00,8.25,6.50,6.91,,,,
52001771,6.40,4.00,3.60,,,,,2.75,5.25,2.75,3.58
52001772,7.20,7.50,7.60,6.00,7.50,4.75,6.08,,,,
52001773,7.40,7.50,8.60,,,,,6.25,6.75,8.50,7.16
52001774,6.00,7.25,3.80,3.75,4.50,3.25,3.83,,,,
52001775,6.00,6.25,5.00,1.75,4.50,4.25,3.50,,,,
52001776,5.40,8.50,8.80,,,,,5.75,6.50,9.00,7.08
52001777,8.00,8.25,9.40,,,,,6.75,8.50,9.75,8.33
52001778,6.40,8.00,5.80,,,,,7.25,8.50,8.25,8.00
52001779,6.80,6.50,2.80,,,,,3.25,6.00,5.75,5.00
52001780,5.80,8.00,3.60,,,,,3.75,7.50,8.75,6.66
52001781,7.80,8.25,9.00,7.25,7.25,6.50,7.00,,,,
52001782,7.60,8.00,9.00,,,,,4.50,6.25,7.50,6.08
52001783,6.00,7.25,5.80,,,,,5.25,6.50,8.00,6.58
52001784,7.20,7.00,8.60,,,,,6.00,7.00,9.50,7.50
52001785,8.20,8.00,8.60,6.50,6.00,4.75,5.75,,,,
52001786,5.80,7.00,8.00,,,,,5.00,7.00,7.50,6.50
52001787,8.20,8.00,7.60,7.00,7.00,4.25,6.08,,,,
52001788,6.60,6.75,6.60,,,,,4.00,6.75,7.00,5.91
52001789,8.00,7.75,4.40,6.25,7.25,6.50,6.66,,,,
52001790,7.80,7.75,9.00,,,,,7.50,8.00,9.75,8.41
52001791,8.00,7.75,8.40,5.25,6.75,7.00,6.33,,,,
52001792,8.00,8.00,9.40,,,,,9.00,7.75,9.50,8.75
52001793,8.80,8.75,9.60,8.00,5.75,7.00,6.91,,,,
52001794,6.80,6.00,9.60,5.75,6.00,4.50,5.41,,,,
52001795,5.00,6.50,6.40,,,,,4.75,8.25,9.50,7.50
52001796,4.40,5.50,4.20,3.50,4.75,2.50,3.58,,,,
52001797,7.60,7.75,7.80,,,,,5.25,7.75,9.00,7.33
52001798,8.80,7.25,9.00,8.00,10.00,6.50,8.16,,,,
52001799,5.60,4.50,3.20,,,,,4.25,6.25,7.75,6.08
52001800,4.60,6.75,3.80,3.50,4.50,4.00,4.00,,,,
52001801,7.80,7.25,5.80,,,,,3.50,6.75,8.25,6.16
52001802,8.80,8.25,9.40,6.25,8.50,6.25,7.00,,,,
52001803,7.60,7.75,7.20,6.25,4.75,5.25,5.41,,,,
52001804,8.00,7.50,8.60,6.25,8.25,7.50,7.33,,,,
52001805,8.60,7.50,8.80,8.00,8.25,7.75,8.00,,,,
52001806,8.80,7.00,,7.75,8.50,8.75,8.33,,,,
52001807,8.00,6.50,,5.25,7.75,8.75,7.25,,,,
52001808,6.20,6.00,7.20,,,,,4.25,6.75,8.00,6.33
52001809,7.20,6.50,3.60,,,,,3.50,7.75,8.00,6.41
52001810,8.60,7.50,9.40,8.25,5.75,6.00,6.66,,,,
52001811,7.20,7.25,9.20,6.00,8.00,4.50,6.16,,,,
52001812,7.20,4.00,6.60,,,,,4.00,6.00,7.00,5.66
52001813,8.40,4.25,9.60,7.50,4.00,3.75,5.08,,,,
52001814,8.00,7.50,9.00,,,,,5.75,7.75,9.50,7.66
52001815,4.60,5.75,8.00,4.00,2.75,4.50,3.75,,,,
52001816,8.20,7.50,6.60,6.50,8.00,5.75,6.75,,,,
52001817,7.40,4.75,7.40,5.50,3.25,5.00,4.58,,,,
52001818,9.20,7.00,9.80,,,,,7.50,8.00,9.00,8.16
52001819,9.60,4.25,,7.75,8.50,9.75,8.66,,,,
52001820,8.00,8.75,9.40,,,,,7.50,8.25,10.00,8.58
52001821,7.20,7.50,5.40,5.50,6.50,5.00,5.66,,,,
52001822,8.00,7.00,9.40,7.00,7.75,6.50,7.08,,,,
52001823,8.00,7.50,9.40,6.25,6.00,3.50,5.25,,,,
52001824,6.80,8.00,8.60,,,,,6.75,8.00,9.25,8.00
52001825,7.80,7.75,9.00,,,,,6.00,8.50,9.50,8.00
52001826,7.80,5.75,7.40,7.25,5.25,3.50,5.33,,,,
52001827,6.40,6.25,7.60,5.75,5.75,5.75,5.75,,,,
52001828,8.20,7.00,6.20,6.50,7.50,6.75,6.91,,,,
52001829,9.20,6.00,,7.75,8.25,6.00,7.33,,,,
52001830,7.60,6.75,6.40,6.25,5.00,4.50,5.25,,,,
52001832,7.80,7.25,9.60,,,,,6.00,7.25,10.00,7.75
52001833,8.80,7.50,9.40,,,,,5.75,8.00,9.00,7.58
52001834,8.40,7.25,8.20,,,,,8.25,8.25,9.75,8.75
52001835,6.40,6.50,4.20,,,,,4.25,7.00,7.00,6.08
52001836,8.40,6.75,9.00,8.00,7.00,6.25,7.08,,,,
52001837,6.80,6.25,4.80,5.00,2.50,4.50,4.00,,,,
52001838,7.20,6.25,8.40,4.00,3.50,3.50,3.66,,,,
52001839,8.00,4.50,8.40,6.50,4.50,7.50,6.16,,,,
52001840,7.40,7.00,7.20,5.75,7.75,5.00,6.16,,,,
52001841,8.80,6.25,9.80,7.75,6.50,7.00,7.08,,,,
52001842,6.60,4.50,9.80,6.00,6.25,5.75,6.00,,,,
52001844,6.40,7.75,7.60,,,,,6.25,7.00,9.75,7.66
52001845,7.40,6.75,6.20,7.00,6.00,5.50,6.16,,,,
52001846,5.80,8.50,5.40,5.75,6.50,4.75,5.66,,,,
52001847,5.60,5.75,8.00,,,,,5.00,5.50,6.50,5.66
52001848,8.20,6.50,7.40,6.00,6.25,4.75,5.66,,,,
